topk;cuda_2dinsert;1048576;16;128;16;16;49152;1;4;1;79.1916;82.8219;
topk;cuda_2dinsert;1048576;16;128;16;16;49152;1;4;1;13.3693;82.8465;
topk;cuda_2dinsert;1048576;16;128;16;16;49152;1;4;1;13.3006;83.0762;
topk;cuda_2dinsert;1048576;16;128;16;16;49152;1;4;1;12.6699;82.8363;
topk;cuda_2dinsert;1048576;16;128;16;16;49152;1;4;1;13.4601;82.8509;
topk;cuda_2dinsert;1048576;16;128;16;16;49152;1;4;1;12.3904;83.0911;
topk;cuda_2dinsert;1048576;16;128;16;16;49152;1;4;1;12.7939;83.0946;
topk;cuda_2dinsert;1048576;16;128;16;16;49152;1;4;1;13.0135;82.8536;
topk;cuda_2dinsert;1048576;16;128;16;16;49152;1;4;1;12.5859;82.8539;
topk;cuda_2dinsert;1048576;16;128;16;16;49152;1;4;1;12.5928;83.1166;
topk;cuda_2dinsert;1048576;16;128;16;16;49152;1;4;2;77.2268;74.1841;
topk;cuda_2dinsert;1048576;16;128;16;16;49152;1;4;2;12.705;74.4385;
topk;cuda_2dinsert;1048576;16;128;16;16;49152;1;4;2;12.555;74.2525;
topk;cuda_2dinsert;1048576;16;128;16;16;49152;1;4;2;14.6511;74.4711;
topk;cuda_2dinsert;1048576;16;128;16;16;49152;1;4;2;13.0902;74.4717;
topk;cuda_2dinsert;1048576;16;128;16;16;49152;1;4;2;12.5764;74.2473;
topk;cuda_2dinsert;1048576;16;128;16;16;49152;1;4;2;12.4963;74.2827;
topk;cuda_2dinsert;1048576;16;128;16;16;49152;1;4;2;12.96;74.5097;
topk;cuda_2dinsert;1048576;16;128;16;16;49152;1;4;2;12.4589;74.4336;
topk;cuda_2dinsert;1048576;16;128;16;16;49152;1;4;2;12.629;74.2418;
topk;cuda_2dinsert;1048576;16;128;16;16;49152;1;4;3;79.8013;80.2619;
topk;cuda_2dinsert;1048576;16;128;16;16;49152;1;4;3;12.1771;80.3445;
topk;cuda_2dinsert;1048576;16;128;16;16;49152;1;4;3;12.4;80.5459;
topk;cuda_2dinsert;1048576;16;128;16;16;49152;1;4;3;12.6131;80.3343;
topk;cuda_2dinsert;1048576;16;128;16;16;49152;1;4;3;12.4335;80.3264;
topk;cuda_2dinsert;1048576;16;128;16;16;49152;1;4;3;12.4131;80.5316;
topk;cuda_2dinsert;1048576;16;128;16;16;49152;1;4;3;12.6272;80.5682;
topk;cuda_2dinsert;1048576;16;128;16;16;49152;1;4;3;13.0886;80.6119;
topk;cuda_2dinsert;1048576;16;128;16;16;49152;1;4;3;12.7242;80.6094;
topk;cuda_2dinsert;1048576;16;128;16;16;49152;1;4;3;12.4407;80.3458;
topk;cuda_2dinsert;1048576;16;128;16;16;49152;1;4;4;76.4367;80.1501;
topk;cuda_2dinsert;1048576;16;128;16;16;49152;1;4;4;12.5401;80.2055;
topk;cuda_2dinsert;1048576;16;128;16;16;49152;1;4;4;12.4851;80.4446;
topk;cuda_2dinsert;1048576;16;128;16;16;49152;1;4;4;12.9657;80.192;
topk;cuda_2dinsert;1048576;16;128;16;16;49152;1;4;4;12.3589;80.2107;
topk;cuda_2dinsert;1048576;16;128;16;16;49152;1;4;4;12.4648;80.4339;
topk;cuda_2dinsert;1048576;16;128;16;16;49152;1;4;4;12.6151;80.4157;
topk;cuda_2dinsert;1048576;16;128;16;16;49152;1;4;4;13.298;80.4412;
topk;cuda_2dinsert;1048576;16;128;16;16;49152;1;4;4;12.8717;80.4548;
topk;cuda_2dinsert;1048576;16;128;16;16;49152;1;4;4;12.7425;80.4608;
topk;cuda_2dinsert;1048576;16;128;16;16;49152;1;8;1;78.0439;75.7831;
topk;cuda_2dinsert;1048576;16;128;16;16;49152;1;8;1;13.1293;76.0785;
topk;cuda_2dinsert;1048576;16;128;16;16;49152;1;8;1;12.9946;76.2991;
topk;cuda_2dinsert;1048576;16;128;16;16;49152;1;8;1;12.9892;75.8931;
topk;cuda_2dinsert;1048576;16;128;16;16;49152;1;8;1;12.5035;75.8248;
topk;cuda_2dinsert;1048576;16;128;16;16;49152;1;8;1;12.6325;75.8556;
topk;cuda_2dinsert;1048576;16;128;16;16;49152;1;8;1;12.7313;76.1417;
topk;cuda_2dinsert;1048576;16;128;16;16;49152;1;8;1;12.8804;76.077;
topk;cuda_2dinsert;1048576;16;128;16;16;49152;1;8;1;12.2961;75.8392;
topk;cuda_2dinsert;1048576;16;128;16;16;49152;1;8;1;18.7257;75.8125;
topk;cuda_2dinsert;1048576;16;128;16;16;49152;1;8;2;78.4441;67.0848;
topk;cuda_2dinsert;1048576;16;128;16;16;49152;1;8;2;12.7596;67.1513;
topk;cuda_2dinsert;1048576;16;128;16;16;49152;1;8;2;13.5643;67.3673;
topk;cuda_2dinsert;1048576;16;128;16;16;49152;1;8;2;13.3165;67.3741;
topk;cuda_2dinsert;1048576;16;128;16;16;49152;1;8;2;12.4462;67.1503;
topk;cuda_2dinsert;1048576;16;128;16;16;49152;1;8;2;12.9728;67.378;
topk;cuda_2dinsert;1048576;16;128;16;16;49152;1;8;2;13.187;67.4575;
topk;cuda_2dinsert;1048576;16;128;16;16;49152;1;8;2;12.6796;67.1608;
topk;cuda_2dinsert;1048576;16;128;16;16;49152;1;8;2;12.7312;67.3569;
topk;cuda_2dinsert;1048576;16;128;16;16;49152;1;8;2;18.4919;67.3962;
topk;cuda_2dinsert;1048576;16;128;16;16;49152;1;8;3;77.1313;65.405;
topk;cuda_2dinsert;1048576;16;128;16;16;49152;1;8;3;12.3364;65.6408;
topk;cuda_2dinsert;1048576;16;128;16;16;49152;1;8;3;12.2569;65.6495;
topk;cuda_2dinsert;1048576;16;128;16;16;49152;1;8;3;13.2995;65.6776;
topk;cuda_2dinsert;1048576;16;128;16;16;49152;1;8;3;12.9995;65.6449;
topk;cuda_2dinsert;1048576;16;128;16;16;49152;1;8;3;12.5022;65.4191;
topk;cuda_2dinsert;1048576;16;128;16;16;49152;1;8;3;12.4575;65.4225;
topk;cuda_2dinsert;1048576;16;128;16;16;49152;1;8;3;12.6959;65.4184;
topk;cuda_2dinsert;1048576;16;128;16;16;49152;1;8;3;12.4962;65.4089;
topk;cuda_2dinsert;1048576;16;128;16;16;49152;1;8;3;13.1698;65.6936;
topk;cuda_2dinsert;1048576;16;128;16;16;49152;1;8;4;78.0685;64.3899;
topk;cuda_2dinsert;1048576;16;128;16;16;49152;1;8;4;12.678;64.6983;
topk;cuda_2dinsert;1048576;16;128;16;16;49152;1;8;4;12.8916;64.7227;
topk;cuda_2dinsert;1048576;16;128;16;16;49152;1;8;4;12.6518;64.4373;
topk;cuda_2dinsert;1048576;16;128;16;16;49152;1;8;4;12.6331;64.4348;
topk;cuda_2dinsert;1048576;16;128;16;16;49152;1;8;4;12.432;64.4324;
topk;cuda_2dinsert;1048576;16;128;16;16;49152;1;8;4;12.7478;64.4332;
topk;cuda_2dinsert;1048576;16;128;16;16;49152;1;8;4;12.8523;64.4615;
topk;cuda_2dinsert;1048576;16;128;16;16;49152;1;8;4;12.4408;64.443;
topk;cuda_2dinsert;1048576;16;128;16;16;49152;1;8;4;12.4659;64.645;
topk;cuda_2dinsert;1048576;16;128;16;16;49152;1;16;1;76.5616;79.9961;
topk;cuda_2dinsert;1048576;16;128;16;16;49152;1;16;1;12.7608;80.295;
topk;cuda_2dinsert;1048576;16;128;16;16;49152;1;16;1;12.6956;80.3145;
topk;cuda_2dinsert;1048576;16;128;16;16;49152;1;16;1;12.4562;80.0391;
topk;cuda_2dinsert;1048576;16;128;16;16;49152;1;16;1;12.6899;80.0743;
topk;cuda_2dinsert;1048576;16;128;16;16;49152;1;16;1;12.4947;80.0447;
topk;cuda_2dinsert;1048576;16;128;16;16;49152;1;16;1;12.5657;80.0547;
topk;cuda_2dinsert;1048576;16;128;16;16;49152;1;16;1;12.8732;80.0543;
topk;cuda_2dinsert;1048576;16;128;16;16;49152;1;16;1;12.4172;80.0472;
topk;cuda_2dinsert;1048576;16;128;16;16;49152;1;16;1;12.5141;80.3121;
topk;cuda_2dinsert;1048576;16;128;16;16;49152;1;16;2;77.7386;70.4119;
topk;cuda_2dinsert;1048576;16;128;16;16;49152;1;16;2;12.7348;70.2403;
topk;cuda_2dinsert;1048576;16;128;16;16;49152;1;16;2;12.7353;70.2372;
topk;cuda_2dinsert;1048576;16;128;16;16;49152;1;16;2;13.053;70.518;
topk;cuda_2dinsert;1048576;16;128;16;16;49152;1;16;2;12.7209;70.4576;
topk;cuda_2dinsert;1048576;16;128;16;16;49152;1;16;2;13.0574;70.2192;
topk;cuda_2dinsert;1048576;16;128;16;16;49152;1;16;2;12.6784;70.2471;
topk;cuda_2dinsert;1048576;16;128;16;16;49152;1;16;2;12.8699;70.5149;
topk;cuda_2dinsert;1048576;16;128;16;16;49152;1;16;2;12.7056;70.2296;
topk;cuda_2dinsert;1048576;16;128;16;16;49152;1;16;2;13.8625;70.4969;
topk;cuda_2dinsert;1048576;16;128;16;16;49152;1;16;3;77.8455;69.1654;
topk;cuda_2dinsert;1048576;16;128;16;16;49152;1;16;3;13.7718;69.4489;
topk;cuda_2dinsert;1048576;16;128;16;16;49152;1;16;3;12.1365;69.2056;
topk;cuda_2dinsert;1048576;16;128;16;16;49152;1;16;3;12.9505;69.2007;
topk;cuda_2dinsert;1048576;16;128;16;16;49152;1;16;3;12.8625;69.7014;
topk;cuda_2dinsert;1048576;16;128;16;16;49152;1;16;3;12.5683;69.2125;
topk;cuda_2dinsert;1048576;16;128;16;16;49152;1;16;3;12.5223;69.4771;
topk;cuda_2dinsert;1048576;16;128;16;16;49152;1;16;3;13.1204;69.4461;
topk;cuda_2dinsert;1048576;16;128;16;16;49152;1;16;3;13.2489;69.1973;
topk;cuda_2dinsert;1048576;16;128;16;16;49152;1;16;3;13.1647;69.423;
topk;cuda_2dinsert;1048576;16;128;16;16;49152;1;16;4;78.1303;67.419;
topk;cuda_2dinsert;1048576;16;128;16;16;49152;1;16;4;13.0438;67.4643;
topk;cuda_2dinsert;1048576;16;128;16;16;49152;1;16;4;12.9815;67.7197;
topk;cuda_2dinsert;1048576;16;128;16;16;49152;1;16;4;12.5806;67.719;
topk;cuda_2dinsert;1048576;16;128;16;16;49152;1;16;4;12.4497;67.4831;
topk;cuda_2dinsert;1048576;16;128;16;16;49152;1;16;4;12.3847;67.924;
topk;cuda_2dinsert;1048576;16;128;16;16;49152;1;16;4;13.1164;67.6917;
topk;cuda_2dinsert;1048576;16;128;16;16;49152;1;16;4;12.4507;67.4697;
topk;cuda_2dinsert;1048576;16;128;16;16;49152;1;16;4;12.7609;67.4575;
topk;cuda_2dinsert;1048576;16;128;16;16;49152;1;16;4;12.6635;67.703;
topk;cuda_2dinsert;1048576;16;128;16;32;49152;1;4;1;82.6645;71.0145;
topk;cuda_2dinsert;1048576;16;128;16;32;49152;1;4;1;12.8942;71.0896;
topk;cuda_2dinsert;1048576;16;128;16;32;49152;1;4;1;12.8664;71.3043;
topk;cuda_2dinsert;1048576;16;128;16;32;49152;1;4;1;13.21;71.0821;
topk;cuda_2dinsert;1048576;16;128;16;32;49152;1;4;1;12.7687;71.299;
topk;cuda_2dinsert;1048576;16;128;16;32;49152;1;4;1;12.1853;71.0924;
topk;cuda_2dinsert;1048576;16;128;16;32;49152;1;4;1;14.3616;71.0803;
topk;cuda_2dinsert;1048576;16;128;16;32;49152;1;4;1;12.2503;71.0872;
topk;cuda_2dinsert;1048576;16;128;16;32;49152;1;4;1;13.0307;71.0836;
topk;cuda_2dinsert;1048576;16;128;16;32;49152;1;4;1;12.5931;71.515;
topk;cuda_2dinsert;1048576;16;128;16;32;49152;1;4;2;78.9033;74.3061;
topk;cuda_2dinsert;1048576;16;128;16;32;49152;1;4;2;12.7676;74.3465;
topk;cuda_2dinsert;1048576;16;128;16;32;49152;1;4;2;12.9345;74.621;
topk;cuda_2dinsert;1048576;16;128;16;32;49152;1;4;2;12.5998;74.3672;
topk;cuda_2dinsert;1048576;16;128;16;32;49152;1;4;2;12.7569;74.5954;
topk;cuda_2dinsert;1048576;16;128;16;32;49152;1;4;2;13.3827;74.603;
topk;cuda_2dinsert;1048576;16;128;16;32;49152;1;4;2;12.8559;74.6042;
topk;cuda_2dinsert;1048576;16;128;16;32;49152;1;4;2;12.7345;74.3584;
topk;cuda_2dinsert;1048576;16;128;16;32;49152;1;4;2;12.6871;74.6074;
topk;cuda_2dinsert;1048576;16;128;16;32;49152;1;4;2;12.8668;74.6168;
topk;cuda_2dinsert;1048576;16;128;16;32;49152;1;4;3;77.7513;75.6436;
topk;cuda_2dinsert;1048576;16;128;16;32;49152;1;4;3;12.1833;75.2422;
topk;cuda_2dinsert;1048576;16;128;16;32;49152;1;4;3;19.362;75.4632;
topk;cuda_2dinsert;1048576;16;128;16;32;49152;1;4;3;12.616;75.231;
topk;cuda_2dinsert;1048576;16;128;16;32;49152;1;4;3;13.6246;75.2388;
topk;cuda_2dinsert;1048576;16;128;16;32;49152;1;4;3;12.9678;75.5361;
topk;cuda_2dinsert;1048576;16;128;16;32;49152;1;4;3;12.8967;75.4931;
topk;cuda_2dinsert;1048576;16;128;16;32;49152;1;4;3;12.5986;75.246;
topk;cuda_2dinsert;1048576;16;128;16;32;49152;1;4;3;12.4806;75.2402;
topk;cuda_2dinsert;1048576;16;128;16;32;49152;1;4;3;13.2047;75.4723;
topk;cuda_2dinsert;1048576;16;128;16;32;49152;1;4;4;77.3335;80.7893;
topk;cuda_2dinsert;1048576;16;128;16;32;49152;1;4;4;12.8819;81.11;
topk;cuda_2dinsert;1048576;16;128;16;32;49152;1;4;4;12.8048;81.0755;
topk;cuda_2dinsert;1048576;16;128;16;32;49152;1;4;4;12.6364;80.8427;
topk;cuda_2dinsert;1048576;16;128;16;32;49152;1;4;4;12.4993;80.8365;
topk;cuda_2dinsert;1048576;16;128;16;32;49152;1;4;4;12.5363;80.8476;
topk;cuda_2dinsert;1048576;16;128;16;32;49152;1;4;4;12.3848;80.8403;
topk;cuda_2dinsert;1048576;16;128;16;32;49152;1;4;4;12.8723;81.2268;
topk;cuda_2dinsert;1048576;16;128;16;32;49152;1;4;4;13.0563;80.846;
topk;cuda_2dinsert;1048576;16;128;16;32;49152;1;4;4;12.622;81.0925;
topk;cuda_2dinsert;1048576;16;128;16;32;49152;1;8;1;77.4777;62.7956;
topk;cuda_2dinsert;1048576;16;128;16;32;49152;1;8;1;12.682;63.0855;
topk;cuda_2dinsert;1048576;16;128;16;32;49152;1;8;1;12.5008;63.1362;
topk;cuda_2dinsert;1048576;16;128;16;32;49152;1;8;1;13.0481;63.0986;
topk;cuda_2dinsert;1048576;16;128;16;32;49152;1;8;1;13.0097;63.1217;
topk;cuda_2dinsert;1048576;16;128;16;32;49152;1;8;1;12.8666;63.0803;
topk;cuda_2dinsert;1048576;16;128;16;32;49152;1;8;1;12.6856;63.0845;
topk;cuda_2dinsert;1048576;16;128;16;32;49152;1;8;1;13.07;63.1028;
topk;cuda_2dinsert;1048576;16;128;16;32;49152;1;8;1;12.4264;63.1113;
topk;cuda_2dinsert;1048576;16;128;16;32;49152;1;8;1;12.7969;63.1097;
topk;cuda_2dinsert;1048576;16;128;16;32;49152;1;8;2;78.7264;60.0429;
topk;cuda_2dinsert;1048576;16;128;16;32;49152;1;8;2;12.6933;60.3689;
topk;cuda_2dinsert;1048576;16;128;16;32;49152;1;8;2;12.5534;60.0886;
topk;cuda_2dinsert;1048576;16;128;16;32;49152;1;8;2;12.4481;60.0972;
topk;cuda_2dinsert;1048576;16;128;16;32;49152;1;8;2;12.884;60.3438;
topk;cuda_2dinsert;1048576;16;128;16;32;49152;1;8;2;12.6877;60.346;
topk;cuda_2dinsert;1048576;16;128;16;32;49152;1;8;2;12.4981;60.0869;
topk;cuda_2dinsert;1048576;16;128;16;32;49152;1;8;2;13.0836;60.3371;
topk;cuda_2dinsert;1048576;16;128;16;32;49152;1;8;2;12.4762;60.0943;
topk;cuda_2dinsert;1048576;16;128;16;32;49152;1;8;2;12.94;60.3697;
topk;cuda_2dinsert;1048576;16;128;16;32;49152;1;8;3;77.5693;59.185;
topk;cuda_2dinsert;1048576;16;128;16;32;49152;1;8;3;12.6427;59.4597;
topk;cuda_2dinsert;1048576;16;128;16;32;49152;1;8;3;12.6795;59.4917;
topk;cuda_2dinsert;1048576;16;128;16;32;49152;1;8;3;18.5287;59.4732;
topk;cuda_2dinsert;1048576;16;128;16;32;49152;1;8;3;12.5613;59.2562;
topk;cuda_2dinsert;1048576;16;128;16;32;49152;1;8;3;13.313;59.2624;
topk;cuda_2dinsert;1048576;16;128;16;32;49152;1;8;3;12.8483;59.4812;
topk;cuda_2dinsert;1048576;16;128;16;32;49152;1;8;3;12.7596;59.4972;
topk;cuda_2dinsert;1048576;16;128;16;32;49152;1;8;3;12.3436;59.2446;
topk;cuda_2dinsert;1048576;16;128;16;32;49152;1;8;3;12.7641;59.51;
topk;cuda_2dinsert;1048576;16;128;16;32;49152;1;8;4;77.638;61.9797;
topk;cuda_2dinsert;1048576;16;128;16;32;49152;1;8;4;13.658;62.2958;
topk;cuda_2dinsert;1048576;16;128;16;32;49152;1;8;4;13.2125;62.2883;
topk;cuda_2dinsert;1048576;16;128;16;32;49152;1;8;4;12.7843;62.0531;
topk;cuda_2dinsert;1048576;16;128;16;32;49152;1;8;4;12.903;62.2952;
topk;cuda_2dinsert;1048576;16;128;16;32;49152;1;8;4;12.8325;62.2822;
topk;cuda_2dinsert;1048576;16;128;16;32;49152;1;8;4;12.8658;62.2984;
topk;cuda_2dinsert;1048576;16;128;16;32;49152;1;8;4;13.4017;62.2762;
topk;cuda_2dinsert;1048576;16;128;16;32;49152;1;8;4;12.1734;62.2991;
topk;cuda_2dinsert;1048576;16;128;16;32;49152;1;8;4;12.777;62.2938;
topk;cuda_2dinsert;1048576;16;128;16;32;49152;1;16;1;77.5681;62.575;
topk;cuda_2dinsert;1048576;16;128;16;32;49152;1;16;1;12.4603;62.8756;
topk;cuda_2dinsert;1048576;16;128;16;32;49152;1;16;1;12.5299;62.6272;
topk;cuda_2dinsert;1048576;16;128;16;32;49152;1;16;1;12.58;62.665;
topk;cuda_2dinsert;1048576;16;128;16;32;49152;1;16;1;12.3831;62.6423;
topk;cuda_2dinsert;1048576;16;128;16;32;49152;1;16;1;12.4847;62.6358;
topk;cuda_2dinsert;1048576;16;128;16;32;49152;1;16;1;12.5017;62.9173;
topk;cuda_2dinsert;1048576;16;128;16;32;49152;1;16;1;13.1236;62.8855;
topk;cuda_2dinsert;1048576;16;128;16;32;49152;1;16;1;13.0021;62.6276;
topk;cuda_2dinsert;1048576;16;128;16;32;49152;1;16;1;12.2108;62.665;
topk;cuda_2dinsert;1048576;16;128;16;32;49152;1;16;2;77.9996;59.8982;
topk;cuda_2dinsert;1048576;16;128;16;32;49152;1;16;2;12.0587;60.1453;
topk;cuda_2dinsert;1048576;16;128;16;32;49152;1;16;2;12.4068;59.7146;
topk;cuda_2dinsert;1048576;16;128;16;32;49152;1;16;2;12.4718;59.6938;
topk;cuda_2dinsert;1048576;16;128;16;32;49152;1;16;2;12.9159;59.9609;
topk;cuda_2dinsert;1048576;16;128;16;32;49152;1;16;2;12.7315;59.952;
topk;cuda_2dinsert;1048576;16;128;16;32;49152;1;16;2;12.383;59.6999;
topk;cuda_2dinsert;1048576;16;128;16;32;49152;1;16;2;12.5406;59.7049;
topk;cuda_2dinsert;1048576;16;128;16;32;49152;1;16;2;12.6076;59.9456;
topk;cuda_2dinsert;1048576;16;128;16;32;49152;1;16;2;12.4426;59.9344;
topk;cuda_2dinsert;1048576;16;128;16;32;49152;1;16;3;79.5452;58.8732;
topk;cuda_2dinsert;1048576;16;128;16;32;49152;1;16;3;13.0645;59.1743;
topk;cuda_2dinsert;1048576;16;128;16;32;49152;1;16;3;12.8156;58.9385;
topk;cuda_2dinsert;1048576;16;128;16;32;49152;1;16;3;12.7562;59.2168;
topk;cuda_2dinsert;1048576;16;128;16;32;49152;1;16;3;12.6278;59.2765;
topk;cuda_2dinsert;1048576;16;128;16;32;49152;1;16;3;12.6108;58.9534;
topk;cuda_2dinsert;1048576;16;128;16;32;49152;1;16;3;12.4286;58.9474;
topk;cuda_2dinsert;1048576;16;128;16;32;49152;1;16;3;12.8401;59.2237;
topk;cuda_2dinsert;1048576;16;128;16;32;49152;1;16;3;12.3728;59.1877;
topk;cuda_2dinsert;1048576;16;128;16;32;49152;1;16;3;12.6152;58.9463;
topk;cuda_2dinsert;1048576;16;128;16;32;49152;1;16;4;78.2158;58.7033;
topk;cuda_2dinsert;1048576;16;128;16;32;49152;1;16;4;12.6272;59.2144;
topk;cuda_2dinsert;1048576;16;128;16;32;49152;1;16;4;12.5558;58.7619;
topk;cuda_2dinsert;1048576;16;128;16;32;49152;1;16;4;13.0142;59.0034;
topk;cuda_2dinsert;1048576;16;128;16;32;49152;1;16;4;13.377;59.0319;
topk;cuda_2dinsert;1048576;16;128;16;32;49152;1;16;4;12.735;59.0039;
topk;cuda_2dinsert;1048576;16;128;16;32;49152;1;16;4;12.6011;58.7624;
topk;cuda_2dinsert;1048576;16;128;16;32;49152;1;16;4;12.9449;59.0305;
topk;cuda_2dinsert;1048576;16;128;16;32;49152;1;16;4;13.1803;58.987;
topk;cuda_2dinsert;1048576;16;128;16;32;49152;1;16;4;12.8542;58.9596;
topk;cuda_2dinsert;1048576;16;128;16;32;49152;1;32;1;77.3015;70.2576;
topk;cuda_2dinsert;1048576;16;128;16;32;49152;1;32;1;13.1368;70.3518;
topk;cuda_2dinsert;1048576;16;128;16;32;49152;1;32;1;12.8697;70.099;
topk;cuda_2dinsert;1048576;16;128;16;32;49152;1;32;1;12.1539;70.3503;
topk;cuda_2dinsert;1048576;16;128;16;32;49152;1;32;1;12.2738;70.3429;
topk;cuda_2dinsert;1048576;16;128;16;32;49152;1;32;1;12.7235;70.1292;
topk;cuda_2dinsert;1048576;16;128;16;32;49152;1;32;1;12.6974;70.1401;
topk;cuda_2dinsert;1048576;16;128;16;32;49152;1;32;1;12.6033;70.1283;
topk;cuda_2dinsert;1048576;16;128;16;32;49152;1;32;1;12.9116;70.3451;
topk;cuda_2dinsert;1048576;16;128;16;32;49152;1;32;1;12.42;70.1259;
topk;cuda_2dinsert;1048576;16;128;16;32;49152;1;32;2;78.0072;65.2628;
topk;cuda_2dinsert;1048576;16;128;16;32;49152;1;32;2;12.5414;65.5563;
topk;cuda_2dinsert;1048576;16;128;16;32;49152;1;32;2;12.7143;65.3078;
topk;cuda_2dinsert;1048576;16;128;16;32;49152;1;32;2;12.5298;65.3215;
topk;cuda_2dinsert;1048576;16;128;16;32;49152;1;32;2;12.601;65.3107;
topk;cuda_2dinsert;1048576;16;128;16;32;49152;1;32;2;12.7202;65.2997;
topk;cuda_2dinsert;1048576;16;128;16;32;49152;1;32;2;12.5161;65.5089;
topk;cuda_2dinsert;1048576;16;128;16;32;49152;1;32;2;12.8459;65.5622;
topk;cuda_2dinsert;1048576;16;128;16;32;49152;1;32;2;13.065;65.5581;
topk;cuda_2dinsert;1048576;16;128;16;32;49152;1;32;2;12.6703;65.3023;
topk;cuda_2dinsert;1048576;16;128;16;32;49152;1;32;3;77.3222;64.9128;
topk;cuda_2dinsert;1048576;16;128;16;32;49152;1;32;3;12.7733;64.7321;
topk;cuda_2dinsert;1048576;16;128;16;32;49152;1;32;3;12.501;64.9919;
topk;cuda_2dinsert;1048576;16;128;16;32;49152;1;32;3;12.4337;65.0055;
topk;cuda_2dinsert;1048576;16;128;16;32;49152;1;32;3;12.654;64.7388;
topk;cuda_2dinsert;1048576;16;128;16;32;49152;1;32;3;13.2603;64.9709;
topk;cuda_2dinsert;1048576;16;128;16;32;49152;1;32;3;12.6081;64.9968;
topk;cuda_2dinsert;1048576;16;128;16;32;49152;1;32;3;12.4728;64.7138;
topk;cuda_2dinsert;1048576;16;128;16;32;49152;1;32;3;12.5054;64.7259;
topk;cuda_2dinsert;1048576;16;128;16;32;49152;1;32;3;12.6321;64.7325;
topk;cuda_2dinsert;1048576;16;128;16;32;49152;1;32;4;79.5056;63.9006;
topk;cuda_2dinsert;1048576;16;128;16;32;49152;1;32;4;12.2287;63.9996;
topk;cuda_2dinsert;1048576;16;128;16;32;49152;1;32;4;12.6421;64.1857;
topk;cuda_2dinsert;1048576;16;128;16;32;49152;1;32;4;12.5497;63.9876;
topk;cuda_2dinsert;1048576;16;128;16;32;49152;1;32;4;13.0311;64.0259;
topk;cuda_2dinsert;1048576;16;128;16;32;49152;1;32;4;12.4748;64.1789;
topk;cuda_2dinsert;1048576;16;128;16;32;49152;1;32;4;12.2437;64.1997;
topk;cuda_2dinsert;1048576;16;128;16;32;49152;1;32;4;12.4678;64.2131;
topk;cuda_2dinsert;1048576;16;128;16;32;49152;1;32;4;12.4949;63.9329;
topk;cuda_2dinsert;1048576;16;128;16;32;49152;1;32;4;13.0232;64.2182;
topk;cuda_2dinsert;1048576;16;128;16;64;49152;1;4;1;77.2021;81.1647;
topk;cuda_2dinsert;1048576;16;128;16;64;49152;1;4;1;12.6552;81.6104;
topk;cuda_2dinsert;1048576;16;128;16;64;49152;1;4;1;12.8933;81.2346;
topk;cuda_2dinsert;1048576;16;128;16;64;49152;1;4;1;13.1795;81.5867;
topk;cuda_2dinsert;1048576;16;128;16;64;49152;1;4;1;12.7454;81.296;
topk;cuda_2dinsert;1048576;16;128;16;64;49152;1;4;1;12.5558;81.515;
topk;cuda_2dinsert;1048576;16;128;16;64;49152;1;4;1;12.5347;81.2241;
topk;cuda_2dinsert;1048576;16;128;16;64;49152;1;4;1;12.5234;81.2327;
topk;cuda_2dinsert;1048576;16;128;16;64;49152;1;4;1;12.5965;81.2364;
topk;cuda_2dinsert;1048576;16;128;16;64;49152;1;4;1;12.6345;81.778;
topk;cuda_2dinsert;1048576;16;128;16;64;49152;1;4;2;80.0381;85.0799;
topk;cuda_2dinsert;1048576;16;128;16;64;49152;1;4;2;13.2305;85.1429;
topk;cuda_2dinsert;1048576;16;128;16;64;49152;1;4;2;12.5441;85.7079;
topk;cuda_2dinsert;1048576;16;128;16;64;49152;1;4;2;12.6455;85.1455;
topk;cuda_2dinsert;1048576;16;128;16;64;49152;1;4;2;12.5486;85.1649;
topk;cuda_2dinsert;1048576;16;128;16;64;49152;1;4;2;12.9266;85.4419;
topk;cuda_2dinsert;1048576;16;128;16;64;49152;1;4;2;12.7642;85.1493;
topk;cuda_2dinsert;1048576;16;128;16;64;49152;1;4;2;12.988;85.4787;
topk;cuda_2dinsert;1048576;16;128;16;64;49152;1;4;2;12.7721;85.463;
topk;cuda_2dinsert;1048576;16;128;16;64;49152;1;4;2;12.7748;85.4318;
topk;cuda_2dinsert;1048576;16;128;16;64;49152;1;4;3;76.2017;89.2114;
topk;cuda_2dinsert;1048576;16;128;16;64;49152;1;4;3;12.1106;89.5791;
topk;cuda_2dinsert;1048576;16;128;16;64;49152;1;4;3;12.5127;89.2807;
topk;cuda_2dinsert;1048576;16;128;16;64;49152;1;4;3;13.0547;89.5578;
topk;cuda_2dinsert;1048576;16;128;16;64;49152;1;4;3;12.4023;89.5356;
topk;cuda_2dinsert;1048576;16;128;16;64;49152;1;4;3;12.5331;89.3091;
topk;cuda_2dinsert;1048576;16;128;16;64;49152;1;4;3;12.8762;89.5882;
topk;cuda_2dinsert;1048576;16;128;16;64;49152;1;4;3;12.6807;89.6605;
topk;cuda_2dinsert;1048576;16;128;16;64;49152;1;4;3;12.5934;89.2834;
topk;cuda_2dinsert;1048576;16;128;16;64;49152;1;4;3;12.5183;89.3225;
topk;cuda_2dinsert;1048576;16;128;16;64;49152;1;4;4;78.4476;94.7513;
topk;cuda_2dinsert;1048576;16;128;16;64;49152;1;4;4;12.3371;95.335;
topk;cuda_2dinsert;1048576;16;128;16;64;49152;1;4;4;12.9758;95.1166;
topk;cuda_2dinsert;1048576;16;128;16;64;49152;1;4;4;13.4348;95.0542;
topk;cuda_2dinsert;1048576;16;128;16;64;49152;1;4;4;13.1192;95.0979;
topk;cuda_2dinsert;1048576;16;128;16;64;49152;1;4;4;13.3484;95.0988;
topk;cuda_2dinsert;1048576;16;128;16;64;49152;1;4;4;12.8719;94.8091;
topk;cuda_2dinsert;1048576;16;128;16;64;49152;1;4;4;12.6523;95.0664;
topk;cuda_2dinsert;1048576;16;128;16;64;49152;1;4;4;12.7458;94.8313;
topk;cuda_2dinsert;1048576;16;128;16;64;49152;1;4;4;12.6376;94.8085;
topk;cuda_2dinsert;1048576;16;128;16;64;49152;1;8;1;76.8408;62.1964;
topk;cuda_2dinsert;1048576;16;128;16;64;49152;1;8;1;12.2415;62.2262;
topk;cuda_2dinsert;1048576;16;128;16;64;49152;1;8;1;12.7823;62.5376;
topk;cuda_2dinsert;1048576;16;128;16;64;49152;1;8;1;12.9411;62.5085;
topk;cuda_2dinsert;1048576;16;128;16;64;49152;1;8;1;12.7704;62.5097;
topk;cuda_2dinsert;1048576;16;128;16;64;49152;1;8;1;13.2129;62.4981;
topk;cuda_2dinsert;1048576;16;128;16;64;49152;1;8;1;12.7198;62.5608;
topk;cuda_2dinsert;1048576;16;128;16;64;49152;1;8;1;12.8646;62.5077;
topk;cuda_2dinsert;1048576;16;128;16;64;49152;1;8;1;13.4033;62.5222;
topk;cuda_2dinsert;1048576;16;128;16;64;49152;1;8;1;12.806;62.5279;
topk;cuda_2dinsert;1048576;16;128;16;64;49152;1;8;2;77.0137;60.6578;
topk;cuda_2dinsert;1048576;16;128;16;64;49152;1;8;2;12.3609;61.0339;
topk;cuda_2dinsert;1048576;16;128;16;64;49152;1;8;2;12.4686;60.7065;
topk;cuda_2dinsert;1048576;16;128;16;64;49152;1;8;2;12.4259;61.0001;
topk;cuda_2dinsert;1048576;16;128;16;64;49152;1;8;2;12.9708;61.0326;
topk;cuda_2dinsert;1048576;16;128;16;64;49152;1;8;2;12.9073;60.9897;
topk;cuda_2dinsert;1048576;16;128;16;64;49152;1;8;2;16.3665;61.0104;
topk;cuda_2dinsert;1048576;16;128;16;64;49152;1;8;2;12.8887;61.0136;
topk;cuda_2dinsert;1048576;16;128;16;64;49152;1;8;2;13.0524;60.7698;
topk;cuda_2dinsert;1048576;16;128;16;64;49152;1;8;2;12.4576;61.0531;
topk;cuda_2dinsert;1048576;16;128;16;64;49152;1;8;3;78.3613;63.5179;
topk;cuda_2dinsert;1048576;16;128;16;64;49152;1;8;3;12.1807;63.5777;
topk;cuda_2dinsert;1048576;16;128;16;64;49152;1;8;3;12.3962;63.5838;
topk;cuda_2dinsert;1048576;16;128;16;64;49152;1;8;3;12.5571;63.8866;
topk;cuda_2dinsert;1048576;16;128;16;64;49152;1;8;3;12.5071;63.58;
topk;cuda_2dinsert;1048576;16;128;16;64;49152;1;8;3;12.9953;63.5707;
topk;cuda_2dinsert;1048576;16;128;16;64;49152;1;8;3;12.6857;63.5733;
topk;cuda_2dinsert;1048576;16;128;16;64;49152;1;8;3;12.5671;63.5624;
topk;cuda_2dinsert;1048576;16;128;16;64;49152;1;8;3;12.698;63.5732;
topk;cuda_2dinsert;1048576;16;128;16;64;49152;1;8;3;12.8718;63.5679;
topk;cuda_2dinsert;1048576;16;128;16;64;49152;1;8;4;80.3894;64.3161;
topk;cuda_2dinsert;1048576;16;128;16;64;49152;1;8;4;12.8346;64.6895;
topk;cuda_2dinsert;1048576;16;128;16;64;49152;1;8;4;12.4526;64.692;
topk;cuda_2dinsert;1048576;16;128;16;64;49152;1;8;4;12.8189;64.6728;
topk;cuda_2dinsert;1048576;16;128;16;64;49152;1;8;4;13.1505;64.3729;
topk;cuda_2dinsert;1048576;16;128;16;64;49152;1;8;4;12.5366;64.6686;
topk;cuda_2dinsert;1048576;16;128;16;64;49152;1;8;4;12.3843;64.3848;
topk;cuda_2dinsert;1048576;16;128;16;64;49152;1;8;4;12.4191;64.6572;
topk;cuda_2dinsert;1048576;16;128;16;64;49152;1;8;4;17.6938;64.3799;
topk;cuda_2dinsert;1048576;16;128;16;64;49152;1;8;4;12.4324;64.6674;
topk;cuda_2dinsert;1048576;16;128;16;64;49152;1;16;1;77.3513;57.3711;
topk;cuda_2dinsert;1048576;16;128;16;64;49152;1;16;1;12.3347;57.1191;
topk;cuda_2dinsert;1048576;16;128;16;64;49152;1;16;1;13.0391;57.3909;
topk;cuda_2dinsert;1048576;16;128;16;64;49152;1;16;1;12.5206;57.1007;
topk;cuda_2dinsert;1048576;16;128;16;64;49152;1;16;1;12.4278;57.42;
topk;cuda_2dinsert;1048576;16;128;16;64;49152;1;16;1;12.4886;57.3825;
topk;cuda_2dinsert;1048576;16;128;16;64;49152;1;16;1;12.7295;57.3959;
topk;cuda_2dinsert;1048576;16;128;16;64;49152;1;16;1;12.3073;57.0906;
topk;cuda_2dinsert;1048576;16;128;16;64;49152;1;16;1;12.5739;57.0954;
topk;cuda_2dinsert;1048576;16;128;16;64;49152;1;16;1;12.4912;57.3676;
topk;cuda_2dinsert;1048576;16;128;16;64;49152;1;16;2;77.6846;55.7137;
topk;cuda_2dinsert;1048576;16;128;16;64;49152;1;16;2;12.5766;56.062;
topk;cuda_2dinsert;1048576;16;128;16;64;49152;1;16;2;12.4873;55.7847;
topk;cuda_2dinsert;1048576;16;128;16;64;49152;1;16;2;12.761;56.1064;
topk;cuda_2dinsert;1048576;16;128;16;64;49152;1;16;2;12.3885;56.0856;
topk;cuda_2dinsert;1048576;16;128;16;64;49152;1;16;2;12.6939;56.102;
topk;cuda_2dinsert;1048576;16;128;16;64;49152;1;16;2;12.6233;55.778;
topk;cuda_2dinsert;1048576;16;128;16;64;49152;1;16;2;13.0001;56.0792;
topk;cuda_2dinsert;1048576;16;128;16;64;49152;1;16;2;12.482;55.7972;
topk;cuda_2dinsert;1048576;16;128;16;64;49152;1;16;2;13.0949;56.0561;
topk;cuda_2dinsert;1048576;16;128;16;64;49152;1;16;3;81.6457;55.3049;
topk;cuda_2dinsert;1048576;16;128;16;64;49152;1;16;3;12.9735;55.9494;
topk;cuda_2dinsert;1048576;16;128;16;64;49152;1;16;3;12.9787;55.3292;
topk;cuda_2dinsert;1048576;16;128;16;64;49152;1;16;3;12.6719;55.6347;
topk;cuda_2dinsert;1048576;16;128;16;64;49152;1;16;3;12.9415;55.6175;
topk;cuda_2dinsert;1048576;16;128;16;64;49152;1;16;3;12.837;55.6554;
topk;cuda_2dinsert;1048576;16;128;16;64;49152;1;16;3;12.5902;55.3185;
topk;cuda_2dinsert;1048576;16;128;16;64;49152;1;16;3;12.7858;55.6274;
topk;cuda_2dinsert;1048576;16;128;16;64;49152;1;16;3;12.279;55.3121;
topk;cuda_2dinsert;1048576;16;128;16;64;49152;1;16;3;12.6764;55.5991;
topk;cuda_2dinsert;1048576;16;128;16;64;49152;1;16;4;78.5549;55.5425;
topk;cuda_2dinsert;1048576;16;128;16;64;49152;1;16;4;13.1108;55.8812;
topk;cuda_2dinsert;1048576;16;128;16;64;49152;1;16;4;16.3726;55.5734;
topk;cuda_2dinsert;1048576;16;128;16;64;49152;1;16;4;12.8388;55.8794;
topk;cuda_2dinsert;1048576;16;128;16;64;49152;1;16;4;12.5216;55.8389;
topk;cuda_2dinsert;1048576;16;128;16;64;49152;1;16;4;12.8051;55.5782;
topk;cuda_2dinsert;1048576;16;128;16;64;49152;1;16;4;12.5232;55.8985;
topk;cuda_2dinsert;1048576;16;128;16;64;49152;1;16;4;12.6741;55.8638;
topk;cuda_2dinsert;1048576;16;128;16;64;49152;1;16;4;13.4051;55.8682;
topk;cuda_2dinsert;1048576;16;128;16;64;49152;1;16;4;12.5324;55.5861;
topk;cuda_2dinsert;1048576;16;128;16;64;49152;1;32;1;76.1672;58.357;
topk;cuda_2dinsert;1048576;16;128;16;64;49152;1;32;1;12.0289;58.4369;
topk;cuda_2dinsert;1048576;16;128;16;64;49152;1;32;1;12.6937;58.7076;
topk;cuda_2dinsert;1048576;16;128;16;64;49152;1;32;1;12.8354;58.7188;
topk;cuda_2dinsert;1048576;16;128;16;64;49152;1;32;1;13.9937;58.7152;
topk;cuda_2dinsert;1048576;16;128;16;64;49152;1;32;1;12.0555;58.4425;
topk;cuda_2dinsert;1048576;16;128;16;64;49152;1;32;1;12.9543;58.7281;
topk;cuda_2dinsert;1048576;16;128;16;64;49152;1;32;1;12.3927;58.9851;
topk;cuda_2dinsert;1048576;16;128;16;64;49152;1;32;1;12.3429;58.4861;
topk;cuda_2dinsert;1048576;16;128;16;64;49152;1;32;1;12.827;58.4646;
topk;cuda_2dinsert;1048576;16;128;16;64;49152;1;32;2;78.9919;56.9182;
topk;cuda_2dinsert;1048576;16;128;16;64;49152;1;32;2;12.6018;56.9765;
topk;cuda_2dinsert;1048576;16;128;16;64;49152;1;32;2;13.4394;57.2759;
topk;cuda_2dinsert;1048576;16;128;16;64;49152;1;32;2;12.7379;56.9855;
topk;cuda_2dinsert;1048576;16;128;16;64;49152;1;32;2;12.3748;57.2446;
topk;cuda_2dinsert;1048576;16;128;16;64;49152;1;32;2;12.8832;57.2719;
topk;cuda_2dinsert;1048576;16;128;16;64;49152;1;32;2;12.8985;56.9799;
topk;cuda_2dinsert;1048576;16;128;16;64;49152;1;32;2;12.5655;57.272;
topk;cuda_2dinsert;1048576;16;128;16;64;49152;1;32;2;12.4745;56.9754;
topk;cuda_2dinsert;1048576;16;128;16;64;49152;1;32;2;12.6558;57.2956;
topk;cuda_2dinsert;1048576;16;128;16;64;49152;1;32;3;80.6753;56.799;
topk;cuda_2dinsert;1048576;16;128;16;64;49152;1;32;3;12.2587;56.5888;
topk;cuda_2dinsert;1048576;16;128;16;64;49152;1;32;3;12.279;56.8516;
topk;cuda_2dinsert;1048576;16;128;16;64;49152;1;32;3;12.437;56.6002;
topk;cuda_2dinsert;1048576;16;128;16;64;49152;1;32;3;13.0443;56.8339;
topk;cuda_2dinsert;1048576;16;128;16;64;49152;1;32;3;12.3826;56.6059;
topk;cuda_2dinsert;1048576;16;128;16;64;49152;1;32;3;12.7795;56.8609;
topk;cuda_2dinsert;1048576;16;128;16;64;49152;1;32;3;12.5173;56.5924;
topk;cuda_2dinsert;1048576;16;128;16;64;49152;1;32;3;12.5969;56.6128;
topk;cuda_2dinsert;1048576;16;128;16;64;49152;1;32;3;12.6244;56.8958;
topk;cuda_2dinsert;1048576;16;128;16;64;49152;1;32;4;77.3288;56.5492;
topk;cuda_2dinsert;1048576;16;128;16;64;49152;1;32;4;12.8907;56.9264;
topk;cuda_2dinsert;1048576;16;128;16;64;49152;1;32;4;12.678;56.6151;
topk;cuda_2dinsert;1048576;16;128;16;64;49152;1;32;4;13.0107;56.8903;
topk;cuda_2dinsert;1048576;16;128;16;64;49152;1;32;4;12.5628;56.622;
topk;cuda_2dinsert;1048576;16;128;16;64;49152;1;32;4;13.1474;56.8778;
topk;cuda_2dinsert;1048576;16;128;16;64;49152;1;32;4;12.4459;56.8856;
topk;cuda_2dinsert;1048576;16;128;16;64;49152;1;32;4;12.733;56.6295;
topk;cuda_2dinsert;1048576;16;128;16;64;49152;1;32;4;12.7758;56.8383;
topk;cuda_2dinsert;1048576;16;128;16;64;49152;1;32;4;13.2929;56.603;
topk;cuda_2dinsert;1048576;16;128;16;128;49152;1;4;1;77.762;103.141;
topk;cuda_2dinsert;1048576;16;128;16;128;49152;1;4;1;12.4998;103.186;
topk;cuda_2dinsert;1048576;16;128;16;128;49152;1;4;1;13.1408;103.246;
topk;cuda_2dinsert;1048576;16;128;16;128;49152;1;4;1;12.6389;103.19;
topk;cuda_2dinsert;1048576;16;128;16;128;49152;1;4;1;13.3941;103.611;
topk;cuda_2dinsert;1048576;16;128;16;128;49152;1;4;1;13.1619;103.603;
topk;cuda_2dinsert;1048576;16;128;16;128;49152;1;4;1;12.5597;103.202;
topk;cuda_2dinsert;1048576;16;128;16;128;49152;1;4;1;15.9986;103.555;
topk;cuda_2dinsert;1048576;16;128;16;128;49152;1;4;1;13.2607;103.499;
topk;cuda_2dinsert;1048576;16;128;16;128;49152;1;4;1;12.9732;103.199;
topk;cuda_2dinsert;1048576;16;128;16;128;49152;1;4;2;78.7139;108.217;
topk;cuda_2dinsert;1048576;16;128;16;128;49152;1;4;2;13.8011;108.647;
topk;cuda_2dinsert;1048576;16;128;16;128;49152;1;4;2;13.8758;108.728;
topk;cuda_2dinsert;1048576;16;128;16;128;49152;1;4;2;13.5674;108.677;
topk;cuda_2dinsert;1048576;16;128;16;128;49152;1;4;2;13.5119;109.044;
topk;cuda_2dinsert;1048576;16;128;16;128;49152;1;4;2;13.6096;108.64;
topk;cuda_2dinsert;1048576;16;128;16;128;49152;1;4;2;13.5413;108.329;
topk;cuda_2dinsert;1048576;16;128;16;128;49152;1;4;2;13.3;108.352;
topk;cuda_2dinsert;1048576;16;128;16;128;49152;1;4;2;12.438;108.266;
topk;cuda_2dinsert;1048576;16;128;16;128;49152;1;4;2;13.4794;108.303;
topk;cuda_2dinsert;1048576;16;128;16;128;49152;1;4;3;78.2579;114.38;
topk;cuda_2dinsert;1048576;16;128;16;128;49152;1;4;3;14.7706;114.445;
topk;cuda_2dinsert;1048576;16;128;16;128;49152;1;4;3;13.689;114.775;
topk;cuda_2dinsert;1048576;16;128;16;128;49152;1;4;3;13.2938;114.459;
topk;cuda_2dinsert;1048576;16;128;16;128;49152;1;4;3;12.9564;114.456;
topk;cuda_2dinsert;1048576;16;128;16;128;49152;1;4;3;12.8959;115.095;
topk;cuda_2dinsert;1048576;16;128;16;128;49152;1;4;3;13.2599;114.804;
topk;cuda_2dinsert;1048576;16;128;16;128;49152;1;4;3;12.6288;114.465;
topk;cuda_2dinsert;1048576;16;128;16;128;49152;1;4;3;12.5444;114.711;
topk;cuda_2dinsert;1048576;16;128;16;128;49152;1;4;3;13.8115;114.782;
topk;cuda_2dinsert;1048576;16;128;16;128;49152;1;4;4;78.1054;116.612;
topk;cuda_2dinsert;1048576;16;128;16;128;49152;1;4;4;12.9309;116.952;
topk;cuda_2dinsert;1048576;16;128;16;128;49152;1;4;4;12.4177;116.643;
topk;cuda_2dinsert;1048576;16;128;16;128;49152;1;4;4;12.8923;116.641;
topk;cuda_2dinsert;1048576;16;128;16;128;49152;1;4;4;14.0197;116.953;
topk;cuda_2dinsert;1048576;16;128;16;128;49152;1;4;4;12.6305;116.944;
topk;cuda_2dinsert;1048576;16;128;16;128;49152;1;4;4;13.4644;116.992;
topk;cuda_2dinsert;1048576;16;128;16;128;49152;1;4;4;12.9981;116.637;
topk;cuda_2dinsert;1048576;16;128;16;128;49152;1;4;4;13.1026;116.993;
topk;cuda_2dinsert;1048576;16;128;16;128;49152;1;4;4;12.6693;116.645;
topk;cuda_2dinsert;1048576;16;128;16;128;49152;1;8;1;84.117;74.8413;
topk;cuda_2dinsert;1048576;16;128;16;128;49152;1;8;1;13.9689;75.2898;
topk;cuda_2dinsert;1048576;16;128;16;128;49152;1;8;1;13.3337;74.9984;
topk;cuda_2dinsert;1048576;16;128;16;128;49152;1;8;1;13.5196;74.9566;
topk;cuda_2dinsert;1048576;16;128;16;128;49152;1;8;1;12.5902;74.9293;
topk;cuda_2dinsert;1048576;16;128;16;128;49152;1;8;1;12.8616;75.2605;
topk;cuda_2dinsert;1048576;16;128;16;128;49152;1;8;1;12.9535;75.3206;
topk;cuda_2dinsert;1048576;16;128;16;128;49152;1;8;1;12.5182;75.2371;
topk;cuda_2dinsert;1048576;16;128;16;128;49152;1;8;1;13.3708;75.2322;
topk;cuda_2dinsert;1048576;16;128;16;128;49152;1;8;1;12.677;74.8985;
topk;cuda_2dinsert;1048576;16;128;16;128;49152;1;8;2;78.9249;76.2691;
topk;cuda_2dinsert;1048576;16;128;16;128;49152;1;8;2;12.6144;76.6931;
topk;cuda_2dinsert;1048576;16;128;16;128;49152;1;8;2;13.7316;76.6693;
topk;cuda_2dinsert;1048576;16;128;16;128;49152;1;8;2;12.4228;77.0208;
topk;cuda_2dinsert;1048576;16;128;16;128;49152;1;8;2;12.8809;76.3362;
topk;cuda_2dinsert;1048576;16;128;16;128;49152;1;8;2;12.621;76.3338;
topk;cuda_2dinsert;1048576;16;128;16;128;49152;1;8;2;12.747;76.6616;
topk;cuda_2dinsert;1048576;16;128;16;128;49152;1;8;2;13.0118;76.7072;
topk;cuda_2dinsert;1048576;16;128;16;128;49152;1;8;2;12.8403;76.668;
topk;cuda_2dinsert;1048576;16;128;16;128;49152;1;8;2;13.3864;76.669;
topk;cuda_2dinsert;1048576;16;128;16;128;49152;1;8;3;77.8033;77.7003;
topk;cuda_2dinsert;1048576;16;128;16;128;49152;1;8;3;13.0463;78.1522;
topk;cuda_2dinsert;1048576;16;128;16;128;49152;1;8;3;12.3453;77.7713;
topk;cuda_2dinsert;1048576;16;128;16;128;49152;1;8;3;12.7499;77.8495;
topk;cuda_2dinsert;1048576;16;128;16;128;49152;1;8;3;12.8345;77.7729;
topk;cuda_2dinsert;1048576;16;128;16;128;49152;1;8;3;12.5709;77.7732;
topk;cuda_2dinsert;1048576;16;128;16;128;49152;1;8;3;12.4573;78.1297;
topk;cuda_2dinsert;1048576;16;128;16;128;49152;1;8;3;12.4487;78.1027;
topk;cuda_2dinsert;1048576;16;128;16;128;49152;1;8;3;12.2966;77.7696;
topk;cuda_2dinsert;1048576;16;128;16;128;49152;1;8;3;12.4866;77.7729;
topk;cuda_2dinsert;1048576;16;128;16;128;49152;1;8;4;77.9353;79.6843;
topk;cuda_2dinsert;1048576;16;128;16;128;49152;1;8;4;12.998;79.7312;
topk;cuda_2dinsert;1048576;16;128;16;128;49152;1;8;4;12.9404;79.7551;
topk;cuda_2dinsert;1048576;16;128;16;128;49152;1;8;4;12.5361;79.7304;
topk;cuda_2dinsert;1048576;16;128;16;128;49152;1;8;4;12.8379;79.8186;
topk;cuda_2dinsert;1048576;16;128;16;128;49152;1;8;4;12.5247;79.7555;
topk;cuda_2dinsert;1048576;16;128;16;128;49152;1;8;4;12.69;80.052;
topk;cuda_2dinsert;1048576;16;128;16;128;49152;1;8;4;12.3785;80.0577;
topk;cuda_2dinsert;1048576;16;128;16;128;49152;1;8;4;12.3002;80.066;
topk;cuda_2dinsert;1048576;16;128;16;128;49152;1;8;4;12.9381;80.1281;
topk;cuda_2dinsert;1048576;16;128;16;128;49152;1;16;1;79.1805;58.1197;
topk;cuda_2dinsert;1048576;16;128;16;128;49152;1;16;1;12.3591;58.4812;
topk;cuda_2dinsert;1048576;16;128;16;128;49152;1;16;1;12.6562;58.1828;
topk;cuda_2dinsert;1048576;16;128;16;128;49152;1;16;1;13.0556;58.5199;
topk;cuda_2dinsert;1048576;16;128;16;128;49152;1;16;1;12.533;58.2223;
topk;cuda_2dinsert;1048576;16;128;16;128;49152;1;16;1;12.7005;58.1809;
topk;cuda_2dinsert;1048576;16;128;16;128;49152;1;16;1;12.9347;58.8274;
topk;cuda_2dinsert;1048576;16;128;16;128;49152;1;16;1;13.1343;58.528;
topk;cuda_2dinsert;1048576;16;128;16;128;49152;1;16;1;12.5664;58.1958;
topk;cuda_2dinsert;1048576;16;128;16;128;49152;1;16;1;12.73;58.4854;
topk;cuda_2dinsert;1048576;16;128;16;128;49152;1;16;2;76.7591;57.4104;
topk;cuda_2dinsert;1048576;16;128;16;128;49152;1;16;2;14.1576;57.4699;
topk;cuda_2dinsert;1048576;16;128;16;128;49152;1;16;2;12.7614;57.4743;
topk;cuda_2dinsert;1048576;16;128;16;128;49152;1;16;2;13.0677;57.8308;
topk;cuda_2dinsert;1048576;16;128;16;128;49152;1;16;2;13.066;57.4718;
topk;cuda_2dinsert;1048576;16;128;16;128;49152;1;16;2;12.7331;57.8228;
topk;cuda_2dinsert;1048576;16;128;16;128;49152;1;16;2;12.7377;57.8164;
topk;cuda_2dinsert;1048576;16;128;16;128;49152;1;16;2;12.9649;57.4861;
topk;cuda_2dinsert;1048576;16;128;16;128;49152;1;16;2;12.7719;57.8741;
topk;cuda_2dinsert;1048576;16;128;16;128;49152;1;16;2;12.9217;57.4715;
topk;cuda_2dinsert;1048576;16;128;16;128;49152;1;16;3;77.6934;57.5033;
topk;cuda_2dinsert;1048576;16;128;16;128;49152;1;16;3;13.0894;57.886;
topk;cuda_2dinsert;1048576;16;128;16;128;49152;1;16;3;12.4661;57.5801;
topk;cuda_2dinsert;1048576;16;128;16;128;49152;1;16;3;13.451;57.9256;
topk;cuda_2dinsert;1048576;16;128;16;128;49152;1;16;3;12.3643;58.2058;
topk;cuda_2dinsert;1048576;16;128;16;128;49152;1;16;3;12.6422;57.5836;
topk;cuda_2dinsert;1048576;16;128;16;128;49152;1;16;3;12.8021;57.9564;
topk;cuda_2dinsert;1048576;16;128;16;128;49152;1;16;3;12.5778;58.2665;
topk;cuda_2dinsert;1048576;16;128;16;128;49152;1;16;3;12.5071;57.5862;
topk;cuda_2dinsert;1048576;16;128;16;128;49152;1;16;3;13.0389;57.9812;
topk;cuda_2dinsert;1048576;16;128;16;128;49152;1;16;4;78.9965;58.7279;
topk;cuda_2dinsert;1048576;16;128;16;128;49152;1;16;4;12.9855;58.7871;
topk;cuda_2dinsert;1048576;16;128;16;128;49152;1;16;4;12.7657;59.0811;
topk;cuda_2dinsert;1048576;16;128;16;128;49152;1;16;4;12.8974;59.1339;
topk;cuda_2dinsert;1048576;16;128;16;128;49152;1;16;4;12.5681;59.5094;
topk;cuda_2dinsert;1048576;16;128;16;128;49152;1;16;4;12.7488;58.7738;
topk;cuda_2dinsert;1048576;16;128;16;128;49152;1;16;4;12.5339;58.7871;
topk;cuda_2dinsert;1048576;16;128;16;128;49152;1;16;4;13.0192;59.1548;
topk;cuda_2dinsert;1048576;16;128;16;128;49152;1;16;4;12.5395;59.1168;
topk;cuda_2dinsert;1048576;16;128;16;128;49152;1;16;4;12.4296;58.7799;
topk;cuda_2dinsert;1048576;16;128;16;128;49152;1;32;1;78.3068;54.1447;
topk;cuda_2dinsert;1048576;16;128;16;128;49152;1;32;1;12.4765;54.5103;
topk;cuda_2dinsert;1048576;16;128;16;128;49152;1;32;1;12.8952;54.5622;
topk;cuda_2dinsert;1048576;16;128;16;128;49152;1;32;1;12.7116;54.2189;
topk;cuda_2dinsert;1048576;16;128;16;128;49152;1;32;1;13.4693;54.5915;
topk;cuda_2dinsert;1048576;16;128;16;128;49152;1;32;1;12.7076;54.2367;
topk;cuda_2dinsert;1048576;16;128;16;128;49152;1;32;1;13.1035;54.5848;
topk;cuda_2dinsert;1048576;16;128;16;128;49152;1;32;1;13.1362;54.5659;
topk;cuda_2dinsert;1048576;16;128;16;128;49152;1;32;1;12.9688;54.6044;
topk;cuda_2dinsert;1048576;16;128;16;128;49152;1;32;1;12.846;54.2097;
topk;cuda_2dinsert;1048576;16;128;16;128;49152;1;32;2;77.7475;53.6296;
topk;cuda_2dinsert;1048576;16;128;16;128;49152;1;32;2;12.4939;53.7136;
topk;cuda_2dinsert;1048576;16;128;16;128;49152;1;32;2;12.4949;54.0182;
topk;cuda_2dinsert;1048576;16;128;16;128;49152;1;32;2;12.8712;54.0474;
topk;cuda_2dinsert;1048576;16;128;16;128;49152;1;32;2;12.5918;53.6832;
topk;cuda_2dinsert;1048576;16;128;16;128;49152;1;32;2;12.7776;54.0391;
topk;cuda_2dinsert;1048576;16;128;16;128;49152;1;32;2;12.2793;53.9834;
topk;cuda_2dinsert;1048576;16;128;16;128;49152;1;32;2;12.2916;53.9901;
topk;cuda_2dinsert;1048576;16;128;16;128;49152;1;32;2;12.6251;54.0236;
topk;cuda_2dinsert;1048576;16;128;16;128;49152;1;32;2;14.0554;53.6828;
topk;cuda_2dinsert;1048576;16;128;16;128;49152;1;32;3;77.1403;53.3466;
topk;cuda_2dinsert;1048576;16;128;16;128;49152;1;32;3;12.5032;53.6877;
topk;cuda_2dinsert;1048576;16;128;16;128;49152;1;32;3;12.6857;53.4139;
topk;cuda_2dinsert;1048576;16;128;16;128;49152;1;32;3;13.3523;53.8162;
topk;cuda_2dinsert;1048576;16;128;16;128;49152;1;32;3;12.551;53.4023;
topk;cuda_2dinsert;1048576;16;128;16;128;49152;1;32;3;12.8408;53.7307;
topk;cuda_2dinsert;1048576;16;128;16;128;49152;1;32;3;12.6645;53.3963;
topk;cuda_2dinsert;1048576;16;128;16;128;49152;1;32;3;12.7342;53.6992;
topk;cuda_2dinsert;1048576;16;128;16;128;49152;1;32;3;13.1959;53.7561;
topk;cuda_2dinsert;1048576;16;128;16;128;49152;1;32;3;12.5588;53.4119;
topk;cuda_2dinsert;1048576;16;128;16;128;49152;1;32;4;80.5444;53.7185;
topk;cuda_2dinsert;1048576;16;128;16;128;49152;1;32;4;12.1665;53.7794;
topk;cuda_2dinsert;1048576;16;128;16;128;49152;1;32;4;12.9013;54.1418;
topk;cuda_2dinsert;1048576;16;128;16;128;49152;1;32;4;12.5221;54.0673;
topk;cuda_2dinsert;1048576;16;128;16;128;49152;1;32;4;12.5631;54.0444;
topk;cuda_2dinsert;1048576;16;128;16;128;49152;1;32;4;12.7423;54.0947;
topk;cuda_2dinsert;1048576;16;128;16;128;49152;1;32;4;12.3922;53.7697;
topk;cuda_2dinsert;1048576;16;128;16;128;49152;1;32;4;12.6809;54.0883;
topk;cuda_2dinsert;1048576;16;128;16;128;49152;1;32;4;12.5521;53.783;
topk;cuda_2dinsert;1048576;16;128;16;128;49152;1;32;4;13.008;53.774;
topk;cuda_2dinsert;1048576;16;128;16;256;49152;1;8;1;76.7341;100.543;
topk;cuda_2dinsert;1048576;16;128;16;256;49152;1;8;1;14.1812;100.296;
topk;cuda_2dinsert;1048576;16;128;16;256;49152;1;8;1;14.8289;100.61;
topk;cuda_2dinsert;1048576;16;128;16;256;49152;1;8;1;12.4251;100.27;
topk;cuda_2dinsert;1048576;16;128;16;256;49152;1;8;1;12.3866;100.658;
topk;cuda_2dinsert;1048576;16;128;16;256;49152;1;8;1;12.6417;100.643;
topk;cuda_2dinsert;1048576;16;128;16;256;49152;1;8;1;12.26;100.63;
topk;cuda_2dinsert;1048576;16;128;16;256;49152;1;8;1;12.8818;100.638;
topk;cuda_2dinsert;1048576;16;128;16;256;49152;1;8;1;12.3683;100.27;
topk;cuda_2dinsert;1048576;16;128;16;256;49152;1;8;1;12.6902;100.622;
topk;cuda_2dinsert;1048576;16;128;16;256;49152;1;8;2;76.421;103.007;
topk;cuda_2dinsert;1048576;16;128;16;256;49152;1;8;2;11.9807;103.398;
topk;cuda_2dinsert;1048576;16;128;16;256;49152;1;8;2;12.8854;103.164;
topk;cuda_2dinsert;1048576;16;128;16;256;49152;1;8;2;12.6046;103.422;
topk;cuda_2dinsert;1048576;16;128;16;256;49152;1;8;2;12.7471;103.061;
topk;cuda_2dinsert;1048576;16;128;16;256;49152;1;8;2;12.9059;103.41;
topk;cuda_2dinsert;1048576;16;128;16;256;49152;1;8;2;12.5563;103.096;
topk;cuda_2dinsert;1048576;16;128;16;256;49152;1;8;2;14.3764;103.426;
topk;cuda_2dinsert;1048576;16;128;16;256;49152;1;8;2;12.2193;103.411;
topk;cuda_2dinsert;1048576;16;128;16;256;49152;1;8;2;12.5133;103.408;
topk;cuda_2dinsert;1048576;16;128;16;256;49152;1;8;3;77.3295;107.83;
topk;cuda_2dinsert;1048576;16;128;16;256;49152;1;8;3;13.504;108.281;
topk;cuda_2dinsert;1048576;16;128;16;256;49152;1;8;3;12.4117;107.897;
topk;cuda_2dinsert;1048576;16;128;16;256;49152;1;8;3;12.3581;107.898;
topk;cuda_2dinsert;1048576;16;128;16;256;49152;1;8;3;12.4402;107.975;
topk;cuda_2dinsert;1048576;16;128;16;256;49152;1;8;3;13.0305;108.243;
topk;cuda_2dinsert;1048576;16;128;16;256;49152;1;8;3;12.5859;108.229;
topk;cuda_2dinsert;1048576;16;128;16;256;49152;1;8;3;12.9691;108.29;
topk;cuda_2dinsert;1048576;16;128;16;256;49152;1;8;3;12.8211;108.257;
topk;cuda_2dinsert;1048576;16;128;16;256;49152;1;8;3;12.4668;108.231;
topk;cuda_2dinsert;1048576;16;128;16;256;49152;1;8;4;77.5855;105.734;
topk;cuda_2dinsert;1048576;16;128;16;256;49152;1;8;4;11.9388;105.783;
topk;cuda_2dinsert;1048576;16;128;16;256;49152;1;8;4;13.2559;106.168;
topk;cuda_2dinsert;1048576;16;128;16;256;49152;1;8;4;12.5795;106.128;
topk;cuda_2dinsert;1048576;16;128;16;256;49152;1;8;4;13.0363;105.771;
topk;cuda_2dinsert;1048576;16;128;16;256;49152;1;8;4;12.3382;105.796;
topk;cuda_2dinsert;1048576;16;128;16;256;49152;1;8;4;12.9787;106.193;
topk;cuda_2dinsert;1048576;16;128;16;256;49152;1;8;4;13.8328;106.169;
topk;cuda_2dinsert;1048576;16;128;16;256;49152;1;8;4;12.2865;106.104;
topk;cuda_2dinsert;1048576;16;128;16;256;49152;1;8;4;12.6581;106.152;
topk;cuda_2dinsert;1048576;16;128;16;256;49152;1;16;1;77.4054;72.3298;
topk;cuda_2dinsert;1048576;16;128;16;256;49152;1;16;1;12.8869;72.7144;
topk;cuda_2dinsert;1048576;16;128;16;256;49152;1;16;1;12.6511;72.3888;
topk;cuda_2dinsert;1048576;16;128;16;256;49152;1;16;1;12.497;72.3881;
topk;cuda_2dinsert;1048576;16;128;16;256;49152;1;16;1;12.2841;72.7297;
topk;cuda_2dinsert;1048576;16;128;16;256;49152;1;16;1;12.8209;72.3839;
topk;cuda_2dinsert;1048576;16;128;16;256;49152;1;16;1;12.9655;73.1265;
topk;cuda_2dinsert;1048576;16;128;16;256;49152;1;16;1;12.2663;72.731;
topk;cuda_2dinsert;1048576;16;128;16;256;49152;1;16;1;12.4901;72.7541;
topk;cuda_2dinsert;1048576;16;128;16;256;49152;1;16;1;12.2495;72.7451;
topk;cuda_2dinsert;1048576;16;128;16;256;49152;1;16;2;77.0598;71.9665;
topk;cuda_2dinsert;1048576;16;128;16;256;49152;1;16;2;12.5002;72.0086;
topk;cuda_2dinsert;1048576;16;128;16;256;49152;1;16;2;13.1109;72.0421;
topk;cuda_2dinsert;1048576;16;128;16;256;49152;1;16;2;12.6166;72.3066;
topk;cuda_2dinsert;1048576;16;128;16;256;49152;1;16;2;12.2993;72.0316;
topk;cuda_2dinsert;1048576;16;128;16;256;49152;1;16;2;12.7496;72.087;
topk;cuda_2dinsert;1048576;16;128;16;256;49152;1;16;2;12.4849;72.0314;
topk;cuda_2dinsert;1048576;16;128;16;256;49152;1;16;2;12.8185;72.3858;
topk;cuda_2dinsert;1048576;16;128;16;256;49152;1;16;2;12.3068;72.0408;
topk;cuda_2dinsert;1048576;16;128;16;256;49152;1;16;2;12.6646;72.7694;
topk;cuda_2dinsert;1048576;16;128;16;256;49152;1;16;3;77.8644;73.6239;
topk;cuda_2dinsert;1048576;16;128;16;256;49152;1;16;3;12.8142;73.6786;
topk;cuda_2dinsert;1048576;16;128;16;256;49152;1;16;3;12.8778;74.0102;
topk;cuda_2dinsert;1048576;16;128;16;256;49152;1;16;3;12.8915;73.6812;
topk;cuda_2dinsert;1048576;16;128;16;256;49152;1;16;3;12.6342;73.6874;
topk;cuda_2dinsert;1048576;16;128;16;256;49152;1;16;3;12.5808;74.044;
topk;cuda_2dinsert;1048576;16;128;16;256;49152;1;16;3;12.5859;73.6862;
topk;cuda_2dinsert;1048576;16;128;16;256;49152;1;16;3;12.2879;74.0037;
topk;cuda_2dinsert;1048576;16;128;16;256;49152;1;16;3;12.8917;74.0254;
topk;cuda_2dinsert;1048576;16;128;16;256;49152;1;16;3;12.3614;74.0553;
topk;cuda_2dinsert;1048576;16;128;16;256;49152;1;16;4;77.3895;73.5622;
topk;cuda_2dinsert;1048576;16;128;16;256;49152;1;16;4;12.7287;73.9537;
topk;cuda_2dinsert;1048576;16;128;16;256;49152;1;16;4;12.3722;73.6255;
topk;cuda_2dinsert;1048576;16;128;16;256;49152;1;16;4;12.74;73.9854;
topk;cuda_2dinsert;1048576;16;128;16;256;49152;1;16;4;12.7456;73.9489;
topk;cuda_2dinsert;1048576;16;128;16;256;49152;1;16;4;12.333;73.6209;
topk;cuda_2dinsert;1048576;16;128;16;256;49152;1;16;4;12.6864;73.9404;
topk;cuda_2dinsert;1048576;16;128;16;256;49152;1;16;4;12.711;73.967;
topk;cuda_2dinsert;1048576;16;128;16;256;49152;1;16;4;12.7412;73.6431;
topk;cuda_2dinsert;1048576;16;128;16;256;49152;1;16;4;12.4582;73.9549;
topk;cuda_2dinsert;1048576;16;128;16;256;49152;1;32;1;77.9215;56.8789;
topk;cuda_2dinsert;1048576;16;128;16;256;49152;1;32;1;12.1177;56.9168;
topk;cuda_2dinsert;1048576;16;128;16;256;49152;1;32;1;12.317;57.2629;
topk;cuda_2dinsert;1048576;16;128;16;256;49152;1;32;1;12.1421;57.3142;
topk;cuda_2dinsert;1048576;16;128;16;256;49152;1;32;1;12.2747;56.9352;
topk;cuda_2dinsert;1048576;16;128;16;256;49152;1;32;1;12.2818;57.2384;
topk;cuda_2dinsert;1048576;16;128;16;256;49152;1;32;1;12.2063;56.9337;
topk;cuda_2dinsert;1048576;16;128;16;256;49152;1;32;1;12.6908;57.2579;
topk;cuda_2dinsert;1048576;16;128;16;256;49152;1;32;1;12.123;57.2778;
topk;cuda_2dinsert;1048576;16;128;16;256;49152;1;32;1;12.3064;57.2629;
topk;cuda_2dinsert;1048576;16;128;16;256;49152;1;32;2;77.7754;56.3814;
topk;cuda_2dinsert;1048576;16;128;16;256;49152;1;32;2;12.8104;56.7691;
topk;cuda_2dinsert;1048576;16;128;16;256;49152;1;32;2;12.1589;56.4426;
topk;cuda_2dinsert;1048576;16;128;16;256;49152;1;32;2;13.1282;56.7768;
topk;cuda_2dinsert;1048576;16;128;16;256;49152;1;32;2;12.2967;56.4486;
topk;cuda_2dinsert;1048576;16;128;16;256;49152;1;32;2;12.3583;56.7868;
topk;cuda_2dinsert;1048576;16;128;16;256;49152;1;32;2;12.6687;56.4277;
topk;cuda_2dinsert;1048576;16;128;16;256;49152;1;32;2;12.7115;56.7636;
topk;cuda_2dinsert;1048576;16;128;16;256;49152;1;32;2;12.3082;56.4316;
topk;cuda_2dinsert;1048576;16;128;16;256;49152;1;32;2;12.5168;56.4303;
topk;cuda_2dinsert;1048576;16;128;16;256;49152;1;32;3;77.6609;56.852;
topk;cuda_2dinsert;1048576;16;128;16;256;49152;1;32;3;15.9634;56.8789;
topk;cuda_2dinsert;1048576;16;128;16;256;49152;1;32;3;12.1753;56.8664;
topk;cuda_2dinsert;1048576;16;128;16;256;49152;1;32;3;12.3859;57.5247;
topk;cuda_2dinsert;1048576;16;128;16;256;49152;1;32;3;12.5059;56.8874;
topk;cuda_2dinsert;1048576;16;128;16;256;49152;1;32;3;12.9556;57.2109;
topk;cuda_2dinsert;1048576;16;128;16;256;49152;1;32;3;12.4154;56.8839;
topk;cuda_2dinsert;1048576;16;128;16;256;49152;1;32;3;12.3571;56.8996;
topk;cuda_2dinsert;1048576;16;128;16;256;49152;1;32;3;12.3922;57.1623;
topk;cuda_2dinsert;1048576;16;128;16;256;49152;1;32;3;12.559;57.1966;
topk;cuda_2dinsert;1048576;16;128;16;256;49152;1;32;4;77.2575;56.6994;
topk;cuda_2dinsert;1048576;16;128;16;256;49152;1;32;4;12.1235;56.7605;
topk;cuda_2dinsert;1048576;16;128;16;256;49152;1;32;4;13.2983;57.1878;
topk;cuda_2dinsert;1048576;16;128;16;256;49152;1;32;4;14.1404;56.7606;
topk;cuda_2dinsert;1048576;16;128;16;256;49152;1;32;4;11.9193;56.7701;
topk;cuda_2dinsert;1048576;16;128;16;256;49152;1;32;4;12.2302;57.1431;
topk;cuda_2dinsert;1048576;16;128;16;256;49152;1;32;4;12.2093;56.7933;
topk;cuda_2dinsert;1048576;16;128;16;256;49152;1;32;4;13.1111;57.0864;
topk;cuda_2dinsert;1048576;16;128;16;256;49152;1;32;4;11.9375;56.7645;
topk;cuda_2dinsert;1048576;16;128;16;256;49152;1;32;4;12.4658;57.1088;
