topk;cuda_2dinsert;1048576;32;256;32;16;0;1;4;1;214.621;1009.73;
topk;cuda_2dinsert;1048576;32;256;32;16;2128;1;4;1;41.1224;1009.68;
topk;cuda_2dinsert;1048576;32;256;32;16;2128;1;4;1;44.061;1009.73;
topk;cuda_2dinsert;1048576;32;256;32;16;2128;1;4;1;44.2384;1009.86;
topk;cuda_2dinsert;1048576;32;256;32;16;2128;1;4;1;44.1691;1009.88;
topk;cuda_2dinsert;1048576;32;256;32;16;2128;1;4;1;44.2234;1009.73;
topk;cuda_2dinsert;1048576;32;256;32;16;2128;1;4;1;44.2853;1009.67;
topk;cuda_2dinsert;1048576;32;256;32;16;2128;1;4;1;44.2449;1009.68;
topk;cuda_2dinsert;1048576;32;256;32;16;2128;1;4;1;44.0831;1009.7;
topk;cuda_2dinsert;1048576;32;256;32;16;2128;1;4;1;44.1583;1009.56;
topk;cuda_2dinsert;1048576;32;256;32;16;0;1;4;2;219.417;944.902;
topk;cuda_2dinsert;1048576;32;256;32;16;2720;1;4;2;41.1563;944.857;
topk;cuda_2dinsert;1048576;32;256;32;16;2720;1;4;2;41.2037;944.798;
topk;cuda_2dinsert;1048576;32;256;32;16;2720;1;4;2;41.237;944.882;
topk;cuda_2dinsert;1048576;32;256;32;16;2720;1;4;2;41.165;945.006;
topk;cuda_2dinsert;1048576;32;256;32;16;2720;1;4;2;41.2471;944.918;
topk;cuda_2dinsert;1048576;32;256;32;16;2720;1;4;2;41.1717;944.918;
topk;cuda_2dinsert;1048576;32;256;32;16;2720;1;4;2;41.2618;944.784;
topk;cuda_2dinsert;1048576;32;256;32;16;2720;1;4;2;41.1637;944.937;
topk;cuda_2dinsert;1048576;32;256;32;16;2720;1;4;2;41.2254;944.841;
topk;cuda_2dinsert;1048576;32;256;32;16;0;1;4;3;208.584;930.169;
topk;cuda_2dinsert;1048576;32;256;32;16;3312;1;4;3;41.116;930.152;
topk;cuda_2dinsert;1048576;32;256;32;16;3312;1;4;3;41.1963;930.216;
topk;cuda_2dinsert;1048576;32;256;32;16;3312;1;4;3;41.1966;930.238;
topk;cuda_2dinsert;1048576;32;256;32;16;3312;1;4;3;41.1896;930.231;
topk;cuda_2dinsert;1048576;32;256;32;16;3312;1;4;3;41.1362;930.257;
topk;cuda_2dinsert;1048576;32;256;32;16;3312;1;4;3;41.1527;930.255;
topk;cuda_2dinsert;1048576;32;256;32;16;3312;1;4;3;41.1923;930.171;
topk;cuda_2dinsert;1048576;32;256;32;16;3312;1;4;3;41.221;930.174;
topk;cuda_2dinsert;1048576;32;256;32;16;3312;1;4;3;41.1663;930.171;
topk;cuda_2dinsert;1048576;32;256;32;16;0;1;4;4;220.76;918.51;
topk;cuda_2dinsert;1048576;32;256;32;16;3904;1;4;4;41.2529;918.586;
topk;cuda_2dinsert;1048576;32;256;32;16;3904;1;4;4;41.2683;918.53;
topk;cuda_2dinsert;1048576;32;256;32;16;3904;1;4;4;41.3036;918.508;
topk;cuda_2dinsert;1048576;32;256;32;16;3904;1;4;4;41.3275;918.574;
topk;cuda_2dinsert;1048576;32;256;32;16;3904;1;4;4;41.2935;918.472;
topk;cuda_2dinsert;1048576;32;256;32;16;3904;1;4;4;41.3146;918.517;
topk;cuda_2dinsert;1048576;32;256;32;16;3904;1;4;4;41.3213;918.415;
topk;cuda_2dinsert;1048576;32;256;32;16;3904;1;4;4;41.25;918.59;
topk;cuda_2dinsert;1048576;32;256;32;16;3904;1;4;4;41.2313;918.447;
topk;cuda_2dinsert;1048576;32;256;32;16;0;1;8;1;205.711;1110.94;
topk;cuda_2dinsert;1048576;32;256;32;16;3400;1;8;1;41.2806;1111.02;
topk;cuda_2dinsert;1048576;32;256;32;16;3400;1;8;1;41.1524;1111.03;
topk;cuda_2dinsert;1048576;32;256;32;16;3400;1;8;1;41.2229;1111.1;
topk;cuda_2dinsert;1048576;32;256;32;16;3400;1;8;1;41.2354;1111.06;
topk;cuda_2dinsert;1048576;32;256;32;16;3400;1;8;1;41.2632;1110.91;
topk;cuda_2dinsert;1048576;32;256;32;16;3400;1;8;1;41.2044;1110.97;
topk;cuda_2dinsert;1048576;32;256;32;16;3400;1;8;1;41.2814;1111.03;
topk;cuda_2dinsert;1048576;32;256;32;16;3400;1;8;1;41.2154;1111.09;
topk;cuda_2dinsert;1048576;32;256;32;16;3400;1;8;1;41.1233;1111.08;
topk;cuda_2dinsert;1048576;32;256;32;16;0;1;8;2;216.6;1046.16;
topk;cuda_2dinsert;1048576;32;256;32;16;3728;1;8;2;41.2074;1046.15;
topk;cuda_2dinsert;1048576;32;256;32;16;3728;1;8;2;41.1345;1046.21;
topk;cuda_2dinsert;1048576;32;256;32;16;3728;1;8;2;41.2174;1046.27;
topk;cuda_2dinsert;1048576;32;256;32;16;3728;1;8;2;41.1854;1046.28;
topk;cuda_2dinsert;1048576;32;256;32;16;3728;1;8;2;41.1704;1046.27;
topk;cuda_2dinsert;1048576;32;256;32;16;3728;1;8;2;41.2062;1046.78;
topk;cuda_2dinsert;1048576;32;256;32;16;3728;1;8;2;41.172;1046.2;
topk;cuda_2dinsert;1048576;32;256;32;16;3728;1;8;2;41.1543;1046.31;
topk;cuda_2dinsert;1048576;32;256;32;16;3728;1;8;2;41.2088;1046.5;
topk;cuda_2dinsert;1048576;32;256;32;16;0;1;8;3;213.415;1028.45;
topk;cuda_2dinsert;1048576;32;256;32;16;4056;1;8;3;41.3976;1028.33;
topk;cuda_2dinsert;1048576;32;256;32;16;4056;1;8;3;41.5221;1028.46;
topk;cuda_2dinsert;1048576;32;256;32;16;4056;1;8;3;41.4106;1028.79;
topk;cuda_2dinsert;1048576;32;256;32;16;4056;1;8;3;41.4325;1028.45;
topk;cuda_2dinsert;1048576;32;256;32;16;4056;1;8;3;41.4097;1028.4;
topk;cuda_2dinsert;1048576;32;256;32;16;4056;1;8;3;43.7113;1028.4;
topk;cuda_2dinsert;1048576;32;256;32;16;4056;1;8;3;41.4778;1028.42;
topk;cuda_2dinsert;1048576;32;256;32;16;4056;1;8;3;41.2852;1028.53;
topk;cuda_2dinsert;1048576;32;256;32;16;4056;1;8;3;41.385;1028.57;
topk;cuda_2dinsert;1048576;32;256;32;16;0;1;8;4;221.492;1018.64;
topk;cuda_2dinsert;1048576;32;256;32;16;4384;1;8;4;41.1466;1018.46;
topk;cuda_2dinsert;1048576;32;256;32;16;4384;1;8;4;41.2127;1018.46;
topk;cuda_2dinsert;1048576;32;256;32;16;4384;1;8;4;41.2172;1018.66;
topk;cuda_2dinsert;1048576;32;256;32;16;4384;1;8;4;41.2128;1018.48;
topk;cuda_2dinsert;1048576;32;256;32;16;4384;1;8;4;41.2216;1018.63;
topk;cuda_2dinsert;1048576;32;256;32;16;4384;1;8;4;41.1336;1018.56;
topk;cuda_2dinsert;1048576;32;256;32;16;4384;1;8;4;41.2083;1018.57;
topk;cuda_2dinsert;1048576;32;256;32;16;4384;1;8;4;41.2242;1018.46;
topk;cuda_2dinsert;1048576;32;256;32;16;4384;1;8;4;41.1447;1018.47;
topk;cuda_2dinsert;1048576;32;256;32;16;0;1;16;1;208.793;1346.29;
topk;cuda_2dinsert;1048576;32;256;32;16;6340;1;16;1;41.2607;1346;
topk;cuda_2dinsert;1048576;32;256;32;16;6340;1;16;1;41.2476;1346.15;
topk;cuda_2dinsert;1048576;32;256;32;16;6340;1;16;1;41.2396;1346.38;
topk;cuda_2dinsert;1048576;32;256;32;16;6340;1;16;1;41.1845;1346.03;
topk;cuda_2dinsert;1048576;32;256;32;16;6340;1;16;1;41.242;1346.04;
topk;cuda_2dinsert;1048576;32;256;32;16;6340;1;16;1;41.1913;1346.34;
topk;cuda_2dinsert;1048576;32;256;32;16;6340;1;16;1;41.2223;1346.05;
topk;cuda_2dinsert;1048576;32;256;32;16;6340;1;16;1;41.1759;1346.22;
topk;cuda_2dinsert;1048576;32;256;32;16;6340;1;16;1;41.1678;1346.19;
topk;cuda_2dinsert;1048576;32;256;32;16;0;1;16;2;213.323;1263.95;
topk;cuda_2dinsert;1048576;32;256;32;16;6536;1;16;2;41.1366;1263.75;
topk;cuda_2dinsert;1048576;32;256;32;16;6536;1;16;2;41.226;1263.82;
topk;cuda_2dinsert;1048576;32;256;32;16;6536;1;16;2;41.2317;1263.92;
topk;cuda_2dinsert;1048576;32;256;32;16;6536;1;16;2;41.216;1263.71;
topk;cuda_2dinsert;1048576;32;256;32;16;6536;1;16;2;41.14;1263.8;
topk;cuda_2dinsert;1048576;32;256;32;16;6536;1;16;2;41.1853;1263.54;
topk;cuda_2dinsert;1048576;32;256;32;16;6536;1;16;2;41.1467;1263.77;
topk;cuda_2dinsert;1048576;32;256;32;16;6536;1;16;2;41.1718;1263.73;
topk;cuda_2dinsert;1048576;32;256;32;16;6536;1;16;2;41.2251;1263.74;
topk;cuda_2dinsert;1048576;32;256;32;16;0;1;16;3;221.66;1237.55;
topk;cuda_2dinsert;1048576;32;256;32;16;6732;1;16;3;41.1339;1237.57;
topk;cuda_2dinsert;1048576;32;256;32;16;6732;1;16;3;41.1574;1237.59;
topk;cuda_2dinsert;1048576;32;256;32;16;6732;1;16;3;41.1194;1237.56;
topk;cuda_2dinsert;1048576;32;256;32;16;6732;1;16;3;41.0918;1237.37;
topk;cuda_2dinsert;1048576;32;256;32;16;6732;1;16;3;41.132;1237.55;
topk;cuda_2dinsert;1048576;32;256;32;16;6732;1;16;3;41.0723;1237.5;
topk;cuda_2dinsert;1048576;32;256;32;16;6732;1;16;3;41.0703;1237.66;
topk;cuda_2dinsert;1048576;32;256;32;16;6732;1;16;3;41.0782;1237.65;
topk;cuda_2dinsert;1048576;32;256;32;16;6732;1;16;3;41.074;1237.45;
topk;cuda_2dinsert;1048576;32;256;32;16;0;1;16;4;219.387;1226.87;
topk;cuda_2dinsert;1048576;32;256;32;16;6928;1;16;4;41.2191;1226.84;
topk;cuda_2dinsert;1048576;32;256;32;16;6928;1;16;4;41.1413;1226.9;
topk;cuda_2dinsert;1048576;32;256;32;16;6928;1;16;4;41.1453;1226.95;
topk;cuda_2dinsert;1048576;32;256;32;16;6928;1;16;4;41.252;1226.83;
topk;cuda_2dinsert;1048576;32;256;32;16;6928;1;16;4;41.1206;1226.88;
topk;cuda_2dinsert;1048576;32;256;32;16;6928;1;16;4;41.1283;1226.8;
topk;cuda_2dinsert;1048576;32;256;32;16;6928;1;16;4;41.183;1226.94;
topk;cuda_2dinsert;1048576;32;256;32;16;6928;1;16;4;41.1995;1226.99;
topk;cuda_2dinsert;1048576;32;256;32;16;6928;1;16;4;41.138;1226.99;
topk;cuda_2dinsert;1048576;32;256;32;32;0;1;4;1;221.055;880.297;
topk;cuda_2dinsert;1048576;32;256;32;32;2720;1;4;1;41.134;880.268;
topk;cuda_2dinsert;1048576;32;256;32;32;2720;1;4;1;41.0876;880.354;
topk;cuda_2dinsert;1048576;32;256;32;32;2720;1;4;1;41.1099;880.417;
topk;cuda_2dinsert;1048576;32;256;32;32;2720;1;4;1;41.1574;880.264;
topk;cuda_2dinsert;1048576;32;256;32;32;2720;1;4;1;41.0802;880.292;
topk;cuda_2dinsert;1048576;32;256;32;32;2720;1;4;1;41.0959;880.414;
topk;cuda_2dinsert;1048576;32;256;32;32;2720;1;4;1;41.1507;880.278;
topk;cuda_2dinsert;1048576;32;256;32;32;2720;1;4;1;41.101;880.476;
topk;cuda_2dinsert;1048576;32;256;32;32;2720;1;4;1;41.1151;880.334;
topk;cuda_2dinsert;1048576;32;256;32;32;0;1;4;2;221.209;853.229;
topk;cuda_2dinsert;1048576;32;256;32;32;3904;1;4;2;41.6075;853.208;
topk;cuda_2dinsert;1048576;32;256;32;32;3904;1;4;2;41.6831;853.274;
topk;cuda_2dinsert;1048576;32;256;32;32;3904;1;4;2;42.0056;853.148;
topk;cuda_2dinsert;1048576;32;256;32;32;3904;1;4;2;41.9628;853.254;
topk;cuda_2dinsert;1048576;32;256;32;32;3904;1;4;2;41.5812;853.26;
topk;cuda_2dinsert;1048576;32;256;32;32;3904;1;4;2;41.9759;853.198;
topk;cuda_2dinsert;1048576;32;256;32;32;3904;1;4;2;42.0538;853.148;
topk;cuda_2dinsert;1048576;32;256;32;32;3904;1;4;2;42.0083;853.202;
topk;cuda_2dinsert;1048576;32;256;32;32;3904;1;4;2;42.115;853.143;
topk;cuda_2dinsert;1048576;32;256;32;32;0;1;4;3;218.934;843.708;
topk;cuda_2dinsert;1048576;32;256;32;32;5088;1;4;3;41.38;843.755;
topk;cuda_2dinsert;1048576;32;256;32;32;5088;1;4;3;41.2296;843.772;
topk;cuda_2dinsert;1048576;32;256;32;32;5088;1;4;3;41.1736;843.837;
topk;cuda_2dinsert;1048576;32;256;32;32;5088;1;4;3;41.2315;843.758;
topk;cuda_2dinsert;1048576;32;256;32;32;5088;1;4;3;41.2614;843.76;
topk;cuda_2dinsert;1048576;32;256;32;32;5088;1;4;3;41.2485;843.805;
topk;cuda_2dinsert;1048576;32;256;32;32;5088;1;4;3;41.2145;843.715;
topk;cuda_2dinsert;1048576;32;256;32;32;5088;1;4;3;41.2729;843.755;
topk;cuda_2dinsert;1048576;32;256;32;32;5088;1;4;3;41.2013;843.756;
topk;cuda_2dinsert;1048576;32;256;32;32;0;1;4;4;220.363;853.015;
topk;cuda_2dinsert;1048576;32;256;32;32;6272;1;4;4;41.3972;852.833;
topk;cuda_2dinsert;1048576;32;256;32;32;6272;1;4;4;41.4514;852.966;
topk;cuda_2dinsert;1048576;32;256;32;32;6272;1;4;4;41.3593;852.996;
topk;cuda_2dinsert;1048576;32;256;32;32;6272;1;4;4;41.2556;852.994;
topk;cuda_2dinsert;1048576;32;256;32;32;6272;1;4;4;41.4687;852.944;
topk;cuda_2dinsert;1048576;32;256;32;32;6272;1;4;4;41.3627;852.867;
topk;cuda_2dinsert;1048576;32;256;32;32;6272;1;4;4;41.4952;852.837;
topk;cuda_2dinsert;1048576;32;256;32;32;6272;1;4;4;41.3861;852.938;
topk;cuda_2dinsert;1048576;32;256;32;32;6272;1;4;4;41.4563;852.851;
topk;cuda_2dinsert;1048576;32;256;32;32;0;1;8;1;209.298;929.666;
topk;cuda_2dinsert;1048576;32;256;32;32;3728;1;8;1;41.1624;929.635;
topk;cuda_2dinsert;1048576;32;256;32;32;3728;1;8;1;41.1961;929.719;
topk;cuda_2dinsert;1048576;32;256;32;32;3728;1;8;1;41.2056;929.68;
topk;cuda_2dinsert;1048576;32;256;32;32;3728;1;8;1;41.1588;929.727;
topk;cuda_2dinsert;1048576;32;256;32;32;3728;1;8;1;41.1002;929.591;
topk;cuda_2dinsert;1048576;32;256;32;32;3728;1;8;1;41.1149;929.683;
topk;cuda_2dinsert;1048576;32;256;32;32;3728;1;8;1;41.1162;929.751;
topk;cuda_2dinsert;1048576;32;256;32;32;3728;1;8;1;41.1115;929.797;
topk;cuda_2dinsert;1048576;32;256;32;32;3728;1;8;1;41.1073;929.671;
topk;cuda_2dinsert;1048576;32;256;32;32;0;1;8;2;213.201;901.299;
topk;cuda_2dinsert;1048576;32;256;32;32;4384;1;8;2;41.1147;901.246;
topk;cuda_2dinsert;1048576;32;256;32;32;4384;1;8;2;41.0813;901.187;
topk;cuda_2dinsert;1048576;32;256;32;32;4384;1;8;2;41.2203;901.301;
topk;cuda_2dinsert;1048576;32;256;32;32;4384;1;8;2;41.0716;901.264;
topk;cuda_2dinsert;1048576;32;256;32;32;4384;1;8;2;41.0508;901.229;
topk;cuda_2dinsert;1048576;32;256;32;32;4384;1;8;2;41.0564;901.219;
topk;cuda_2dinsert;1048576;32;256;32;32;4384;1;8;2;41.0946;901.183;
topk;cuda_2dinsert;1048576;32;256;32;32;4384;1;8;2;41.0639;901.316;
topk;cuda_2dinsert;1048576;32;256;32;32;4384;1;8;2;41.0341;901.26;
topk;cuda_2dinsert;1048576;32;256;32;32;0;1;8;3;213.869;894.199;
topk;cuda_2dinsert;1048576;32;256;32;32;5040;1;8;3;41.1529;894.073;
topk;cuda_2dinsert;1048576;32;256;32;32;5040;1;8;3;41.1685;894.232;
topk;cuda_2dinsert;1048576;32;256;32;32;5040;1;8;3;41.3342;894.171;
topk;cuda_2dinsert;1048576;32;256;32;32;5040;1;8;3;41.2168;894.082;
topk;cuda_2dinsert;1048576;32;256;32;32;5040;1;8;3;41.1948;894.202;
topk;cuda_2dinsert;1048576;32;256;32;32;5040;1;8;3;41.4414;894.035;
topk;cuda_2dinsert;1048576;32;256;32;32;5040;1;8;3;41.1942;894.082;
topk;cuda_2dinsert;1048576;32;256;32;32;5040;1;8;3;41.4517;894.203;
topk;cuda_2dinsert;1048576;32;256;32;32;5040;1;8;3;41.2085;894.259;
topk;cuda_2dinsert;1048576;32;256;32;32;0;1;8;4;217.591;891.855;
topk;cuda_2dinsert;1048576;32;256;32;32;5696;1;8;4;41.15;891.792;
topk;cuda_2dinsert;1048576;32;256;32;32;5696;1;8;4;41.1294;891.672;
topk;cuda_2dinsert;1048576;32;256;32;32;5696;1;8;4;41.1622;891.73;
topk;cuda_2dinsert;1048576;32;256;32;32;5696;1;8;4;41.202;891.82;
topk;cuda_2dinsert;1048576;32;256;32;32;5696;1;8;4;41.1144;891.626;
topk;cuda_2dinsert;1048576;32;256;32;32;5696;1;8;4;41.1394;891.744;
topk;cuda_2dinsert;1048576;32;256;32;32;5696;1;8;4;41.1127;891.714;
topk;cuda_2dinsert;1048576;32;256;32;32;5696;1;8;4;41.246;891.627;
topk;cuda_2dinsert;1048576;32;256;32;32;5696;1;8;4;41.1498;891.853;
topk;cuda_2dinsert;1048576;32;256;32;32;0;1;16;1;212.344;1046.99;
topk;cuda_2dinsert;1048576;32;256;32;32;6536;1;16;1;41.1912;1047.05;
topk;cuda_2dinsert;1048576;32;256;32;32;6536;1;16;1;41.2114;1047.05;
topk;cuda_2dinsert;1048576;32;256;32;32;6536;1;16;1;41.2135;1046.83;
topk;cuda_2dinsert;1048576;32;256;32;32;6536;1;16;1;41.2749;1047.12;
topk;cuda_2dinsert;1048576;32;256;32;32;6536;1;16;1;41.1439;1046.99;
topk;cuda_2dinsert;1048576;32;256;32;32;6536;1;16;1;41.211;1047.11;
topk;cuda_2dinsert;1048576;32;256;32;32;6536;1;16;1;41.1374;1047.17;
topk;cuda_2dinsert;1048576;32;256;32;32;6536;1;16;1;41.1817;1047.19;
topk;cuda_2dinsert;1048576;32;256;32;32;6536;1;16;1;41.1478;1047.16;
topk;cuda_2dinsert;1048576;32;256;32;32;0;1;16;2;220.692;1007.03;
topk;cuda_2dinsert;1048576;32;256;32;32;6928;1;16;2;41.1294;1006.9;
topk;cuda_2dinsert;1048576;32;256;32;32;6928;1;16;2;41.1227;1006.77;
topk;cuda_2dinsert;1048576;32;256;32;32;6928;1;16;2;41.193;1006.8;
topk;cuda_2dinsert;1048576;32;256;32;32;6928;1;16;2;41.0559;1006.86;
topk;cuda_2dinsert;1048576;32;256;32;32;6928;1;16;2;41.0768;1006.9;
topk;cuda_2dinsert;1048576;32;256;32;32;6928;1;16;2;41.1372;1006.79;
topk;cuda_2dinsert;1048576;32;256;32;32;6928;1;16;2;41.0671;1006.77;
topk;cuda_2dinsert;1048576;32;256;32;32;6928;1;16;2;41.0848;1006.87;
topk;cuda_2dinsert;1048576;32;256;32;32;6928;1;16;2;41.0928;1006.86;
topk;cuda_2dinsert;1048576;32;256;32;32;0;1;16;3;207.826;995.879;
topk;cuda_2dinsert;1048576;32;256;32;32;7320;1;16;3;41.1211;995.783;
topk;cuda_2dinsert;1048576;32;256;32;32;7320;1;16;3;41.1712;995.713;
topk;cuda_2dinsert;1048576;32;256;32;32;7320;1;16;3;41.2387;995.838;
topk;cuda_2dinsert;1048576;32;256;32;32;7320;1;16;3;41.0432;995.841;
topk;cuda_2dinsert;1048576;32;256;32;32;7320;1;16;3;41.0647;995.901;
topk;cuda_2dinsert;1048576;32;256;32;32;7320;1;16;3;41.0775;995.975;
topk;cuda_2dinsert;1048576;32;256;32;32;7320;1;16;3;41.0512;995.835;
topk;cuda_2dinsert;1048576;32;256;32;32;7320;1;16;3;41.0511;996.15;
topk;cuda_2dinsert;1048576;32;256;32;32;7320;1;16;3;41.0692;995.777;
topk;cuda_2dinsert;1048576;32;256;32;32;0;1;16;4;220.29;994.253;
topk;cuda_2dinsert;1048576;32;256;32;32;7712;1;16;4;41.1998;994.157;
topk;cuda_2dinsert;1048576;32;256;32;32;7712;1;16;4;41.1657;994.26;
topk;cuda_2dinsert;1048576;32;256;32;32;7712;1;16;4;41.3002;994.148;
topk;cuda_2dinsert;1048576;32;256;32;32;7712;1;16;4;41.1491;994.174;
topk;cuda_2dinsert;1048576;32;256;32;32;7712;1;16;4;41.1404;994.043;
topk;cuda_2dinsert;1048576;32;256;32;32;7712;1;16;4;41.1684;993.984;
topk;cuda_2dinsert;1048576;32;256;32;32;7712;1;16;4;41.1836;994.372;
topk;cuda_2dinsert;1048576;32;256;32;32;7712;1;16;4;41.2045;994.247;
topk;cuda_2dinsert;1048576;32;256;32;32;7712;1;16;4;41.1589;994.372;
topk;cuda_2dinsert;1048576;32;256;32;32;0;1;32;1;219.026;1380.88;
topk;cuda_2dinsert;1048576;32;256;32;32;12548;1;32;1;41.2784;1380.83;
topk;cuda_2dinsert;1048576;32;256;32;32;12548;1;32;1;41.1629;1380.59;
topk;cuda_2dinsert;1048576;32;256;32;32;12548;1;32;1;41.2631;1380.48;
topk;cuda_2dinsert;1048576;32;256;32;32;12548;1;32;1;41.2755;1380.86;
topk;cuda_2dinsert;1048576;32;256;32;32;12548;1;32;1;41.2479;1381.36;
topk;cuda_2dinsert;1048576;32;256;32;32;12548;1;32;1;41.2607;1381.12;
topk;cuda_2dinsert;1048576;32;256;32;32;12548;1;32;1;41.2387;1381.03;
topk;cuda_2dinsert;1048576;32;256;32;32;12548;1;32;1;41.2749;1381.14;
topk;cuda_2dinsert;1048576;32;256;32;32;12548;1;32;1;41.2505;1381.05;
topk;cuda_2dinsert;1048576;32;256;32;32;0;1;32;2;216.894;1263.94;
topk;cuda_2dinsert;1048576;32;256;32;32;12808;1;32;2;41.233;1263.89;
topk;cuda_2dinsert;1048576;32;256;32;32;12808;1;32;2;41.1486;1263.28;
topk;cuda_2dinsert;1048576;32;256;32;32;12808;1;32;2;41.1482;1263.67;
topk;cuda_2dinsert;1048576;32;256;32;32;12808;1;32;2;41.1882;1263.58;
topk;cuda_2dinsert;1048576;32;256;32;32;12808;1;32;2;41.2653;1263.67;
topk;cuda_2dinsert;1048576;32;256;32;32;12808;1;32;2;41.1878;1263.83;
topk;cuda_2dinsert;1048576;32;256;32;32;12808;1;32;2;41.2197;1263.83;
topk;cuda_2dinsert;1048576;32;256;32;32;12808;1;32;2;41.1199;1263.71;
topk;cuda_2dinsert;1048576;32;256;32;32;12808;1;32;2;41.1114;1263.55;
topk;cuda_2dinsert;1048576;32;256;32;32;0;1;32;3;222.45;1232.02;
topk;cuda_2dinsert;1048576;32;256;32;32;13068;1;32;3;41.25;1232.03;
topk;cuda_2dinsert;1048576;32;256;32;32;13068;1;32;3;41.2842;1231.88;
topk;cuda_2dinsert;1048576;32;256;32;32;13068;1;32;3;41.2922;1232.22;
topk;cuda_2dinsert;1048576;32;256;32;32;13068;1;32;3;41.1734;1232.43;
topk;cuda_2dinsert;1048576;32;256;32;32;13068;1;32;3;41.2751;1231.92;
topk;cuda_2dinsert;1048576;32;256;32;32;13068;1;32;3;41.2627;1231.82;
topk;cuda_2dinsert;1048576;32;256;32;32;13068;1;32;3;41.1727;1232.29;
topk;cuda_2dinsert;1048576;32;256;32;32;13068;1;32;3;41.2256;1232.46;
topk;cuda_2dinsert;1048576;32;256;32;32;13068;1;32;3;41.196;1232.32;
topk;cuda_2dinsert;1048576;32;256;32;32;0;1;32;4;206.484;1221.28;
topk;cuda_2dinsert;1048576;32;256;32;32;13328;1;32;4;41.2522;1220.71;
topk;cuda_2dinsert;1048576;32;256;32;32;13328;1;32;4;41.2463;1221.29;
topk;cuda_2dinsert;1048576;32;256;32;32;13328;1;32;4;41.1815;1220.92;
topk;cuda_2dinsert;1048576;32;256;32;32;13328;1;32;4;41.4178;1221.06;
topk;cuda_2dinsert;1048576;32;256;32;32;13328;1;32;4;41.2673;1220.89;
topk;cuda_2dinsert;1048576;32;256;32;32;13328;1;32;4;41.2224;1220.79;
topk;cuda_2dinsert;1048576;32;256;32;32;13328;1;32;4;41.3038;1221.2;
topk;cuda_2dinsert;1048576;32;256;32;32;13328;1;32;4;41.3301;1220.72;
topk;cuda_2dinsert;1048576;32;256;32;32;13328;1;32;4;41.2857;1221;
topk;cuda_2dinsert;1048576;32;256;32;64;0;1;4;1;216.985;836.466;
topk;cuda_2dinsert;1048576;32;256;32;64;3904;1;4;1;41.1505;836.317;
topk;cuda_2dinsert;1048576;32;256;32;64;3904;1;4;1;41.1254;836.086;
topk;cuda_2dinsert;1048576;32;256;32;64;3904;1;4;1;41.1495;836.428;
topk;cuda_2dinsert;1048576;32;256;32;64;3904;1;4;1;41.1958;836.147;
topk;cuda_2dinsert;1048576;32;256;32;64;3904;1;4;1;41.1127;836.329;
topk;cuda_2dinsert;1048576;32;256;32;64;3904;1;4;1;41.0987;836.664;
topk;cuda_2dinsert;1048576;32;256;32;64;3904;1;4;1;41.1529;836.361;
topk;cuda_2dinsert;1048576;32;256;32;64;3904;1;4;1;41.1621;836.396;
topk;cuda_2dinsert;1048576;32;256;32;64;3904;1;4;1;41.1;836.451;
topk;cuda_2dinsert;1048576;32;256;32;64;0;1;4;2;212.8;821.725;
topk;cuda_2dinsert;1048576;32;256;32;64;6272;1;4;2;41.2576;821.766;
topk;cuda_2dinsert;1048576;32;256;32;64;6272;1;4;2;41.2046;821.715;
topk;cuda_2dinsert;1048576;32;256;32;64;6272;1;4;2;41.2843;821.783;
topk;cuda_2dinsert;1048576;32;256;32;64;6272;1;4;2;41.2769;821.947;
topk;cuda_2dinsert;1048576;32;256;32;64;6272;1;4;2;41.2022;821.725;
topk;cuda_2dinsert;1048576;32;256;32;64;6272;1;4;2;41.2113;821.77;
topk;cuda_2dinsert;1048576;32;256;32;64;6272;1;4;2;41.3069;821.737;
topk;cuda_2dinsert;1048576;32;256;32;64;6272;1;4;2;41.2501;821.818;
topk;cuda_2dinsert;1048576;32;256;32;64;6272;1;4;2;41.3256;821.819;
topk;cuda_2dinsert;1048576;32;256;32;64;0;1;4;3;221.141;838.052;
topk;cuda_2dinsert;1048576;32;256;32;64;8640;1;4;3;41.14;838.239;
topk;cuda_2dinsert;1048576;32;256;32;64;8640;1;4;3;41.1616;838.077;
topk;cuda_2dinsert;1048576;32;256;32;64;8640;1;4;3;41.1547;838.185;
topk;cuda_2dinsert;1048576;32;256;32;64;8640;1;4;3;41.2179;837.947;
topk;cuda_2dinsert;1048576;32;256;32;64;8640;1;4;3;41.1105;838.056;
topk;cuda_2dinsert;1048576;32;256;32;64;8640;1;4;3;41.1622;838.137;
topk;cuda_2dinsert;1048576;32;256;32;64;8640;1;4;3;41.1704;837.926;
topk;cuda_2dinsert;1048576;32;256;32;64;8640;1;4;3;41.1668;838.079;
topk;cuda_2dinsert;1048576;32;256;32;64;8640;1;4;3;41.1912;837.908;
topk;cuda_2dinsert;1048576;32;256;32;64;0;1;4;4;215.055;891.756;
topk;cuda_2dinsert;1048576;32;256;32;64;11008;1;4;4;41.4213;892.745;
topk;cuda_2dinsert;1048576;32;256;32;64;11008;1;4;4;42.0791;891.74;
topk;cuda_2dinsert;1048576;32;256;32;64;11008;1;4;4;41.8295;891.946;
topk;cuda_2dinsert;1048576;32;256;32;64;11008;1;4;4;41.5476;891.795;
topk;cuda_2dinsert;1048576;32;256;32;64;11008;1;4;4;41.8168;892.507;
topk;cuda_2dinsert;1048576;32;256;32;64;11008;1;4;4;41.8401;891.85;
topk;cuda_2dinsert;1048576;32;256;32;64;11008;1;4;4;42.1333;892.025;
topk;cuda_2dinsert;1048576;32;256;32;64;11008;1;4;4;42.345;892.126;
topk;cuda_2dinsert;1048576;32;256;32;64;11008;1;4;4;41.8956;891.66;
topk;cuda_2dinsert;1048576;32;256;32;64;0;1;8;1;208.043;854.625;
topk;cuda_2dinsert;1048576;32;256;32;64;4384;1;8;1;41.2377;854.473;
topk;cuda_2dinsert;1048576;32;256;32;64;4384;1;8;1;41.2452;854.517;
topk;cuda_2dinsert;1048576;32;256;32;64;4384;1;8;1;41.2792;854.536;
topk;cuda_2dinsert;1048576;32;256;32;64;4384;1;8;1;41.2687;854.628;
topk;cuda_2dinsert;1048576;32;256;32;64;4384;1;8;1;41.2796;854.623;
topk;cuda_2dinsert;1048576;32;256;32;64;4384;1;8;1;41.2128;854.665;
topk;cuda_2dinsert;1048576;32;256;32;64;4384;1;8;1;41.2179;854.477;
topk;cuda_2dinsert;1048576;32;256;32;64;4384;1;8;1;41.2677;854.477;
topk;cuda_2dinsert;1048576;32;256;32;64;4384;1;8;1;41.1891;854.738;
topk;cuda_2dinsert;1048576;32;256;32;64;0;1;8;2;213.014;839.145;
topk;cuda_2dinsert;1048576;32;256;32;64;5696;1;8;2;41.2574;839.22;
topk;cuda_2dinsert;1048576;32;256;32;64;5696;1;8;2;41.213;839.173;
topk;cuda_2dinsert;1048576;32;256;32;64;5696;1;8;2;41.2128;839.171;
topk;cuda_2dinsert;1048576;32;256;32;64;5696;1;8;2;41.1801;839.167;
topk;cuda_2dinsert;1048576;32;256;32;64;5696;1;8;2;41.1681;839.31;
topk;cuda_2dinsert;1048576;32;256;32;64;5696;1;8;2;41.2151;839.153;
topk;cuda_2dinsert;1048576;32;256;32;64;5696;1;8;2;41.2109;839.275;
topk;cuda_2dinsert;1048576;32;256;32;64;5696;1;8;2;41.2089;839.29;
topk;cuda_2dinsert;1048576;32;256;32;64;5696;1;8;2;41.208;839.228;
topk;cuda_2dinsert;1048576;32;256;32;64;0;1;8;3;220.991;833.412;
topk;cuda_2dinsert;1048576;32;256;32;64;7008;1;8;3;41.2482;833.455;
topk;cuda_2dinsert;1048576;32;256;32;64;7008;1;8;3;41.3075;833.381;
topk;cuda_2dinsert;1048576;32;256;32;64;7008;1;8;3;41.1779;833.443;
topk;cuda_2dinsert;1048576;32;256;32;64;7008;1;8;3;41.1581;833.409;
topk;cuda_2dinsert;1048576;32;256;32;64;7008;1;8;3;41.1664;833.368;
topk;cuda_2dinsert;1048576;32;256;32;64;7008;1;8;3;41.1754;833.413;
topk;cuda_2dinsert;1048576;32;256;32;64;7008;1;8;3;41.171;833.52;
topk;cuda_2dinsert;1048576;32;256;32;64;7008;1;8;3;41.1258;833.455;
topk;cuda_2dinsert;1048576;32;256;32;64;7008;1;8;3;41.0827;833.448;
topk;cuda_2dinsert;1048576;32;256;32;64;0;1;8;4;206.37;839.605;
topk;cuda_2dinsert;1048576;32;256;32;64;8320;1;8;4;41.174;839.613;
topk;cuda_2dinsert;1048576;32;256;32;64;8320;1;8;4;41.2349;839.62;
topk;cuda_2dinsert;1048576;32;256;32;64;8320;1;8;4;41.3006;839.642;
topk;cuda_2dinsert;1048576;32;256;32;64;8320;1;8;4;41.2006;839.596;
topk;cuda_2dinsert;1048576;32;256;32;64;8320;1;8;4;41.2423;839.564;
topk;cuda_2dinsert;1048576;32;256;32;64;8320;1;8;4;41.2658;839.555;
topk;cuda_2dinsert;1048576;32;256;32;64;8320;1;8;4;41.2533;839.654;
topk;cuda_2dinsert;1048576;32;256;32;64;8320;1;8;4;41.1367;839.583;
topk;cuda_2dinsert;1048576;32;256;32;64;8320;1;8;4;41.176;839.562;
topk;cuda_2dinsert;1048576;32;256;32;64;0;1;16;1;216.118;903.611;
topk;cuda_2dinsert;1048576;32;256;32;64;6928;1;16;1;41.1774;903.753;
topk;cuda_2dinsert;1048576;32;256;32;64;6928;1;16;1;41.2382;903.766;
topk;cuda_2dinsert;1048576;32;256;32;64;6928;1;16;1;41.2107;904.041;
topk;cuda_2dinsert;1048576;32;256;32;64;6928;1;16;1;41.2794;903.91;
topk;cuda_2dinsert;1048576;32;256;32;64;6928;1;16;1;41.1371;903.576;
topk;cuda_2dinsert;1048576;32;256;32;64;6928;1;16;1;41.1882;903.957;
topk;cuda_2dinsert;1048576;32;256;32;64;6928;1;16;1;41.1732;903.665;
topk;cuda_2dinsert;1048576;32;256;32;64;6928;1;16;1;41.1616;904.226;
topk;cuda_2dinsert;1048576;32;256;32;64;6928;1;16;1;41.1173;903.717;
topk;cuda_2dinsert;1048576;32;256;32;64;0;1;16;2;221.95;888.455;
topk;cuda_2dinsert;1048576;32;256;32;64;7712;1;16;2;41.1248;888.787;
topk;cuda_2dinsert;1048576;32;256;32;64;7712;1;16;2;41.2462;888.419;
topk;cuda_2dinsert;1048576;32;256;32;64;7712;1;16;2;41.2264;888.838;
topk;cuda_2dinsert;1048576;32;256;32;64;7712;1;16;2;41.2532;888.903;
topk;cuda_2dinsert;1048576;32;256;32;64;7712;1;16;2;41.1446;888.881;
topk;cuda_2dinsert;1048576;32;256;32;64;7712;1;16;2;41.1901;889.131;
topk;cuda_2dinsert;1048576;32;256;32;64;7712;1;16;2;41.1325;888.695;
topk;cuda_2dinsert;1048576;32;256;32;64;7712;1;16;2;41.1952;888.674;
topk;cuda_2dinsert;1048576;32;256;32;64;7712;1;16;2;41.1502;888.517;
topk;cuda_2dinsert;1048576;32;256;32;64;0;1;16;3;221.726;885.061;
topk;cuda_2dinsert;1048576;32;256;32;64;8496;1;16;3;41.1498;885.137;
topk;cuda_2dinsert;1048576;32;256;32;64;8496;1;16;3;41.232;885.204;
topk;cuda_2dinsert;1048576;32;256;32;64;8496;1;16;3;41.2008;885.249;
topk;cuda_2dinsert;1048576;32;256;32;64;8496;1;16;3;41.2106;885.191;
topk;cuda_2dinsert;1048576;32;256;32;64;8496;1;16;3;41.315;885.201;
topk;cuda_2dinsert;1048576;32;256;32;64;8496;1;16;3;41.1331;885.237;
topk;cuda_2dinsert;1048576;32;256;32;64;8496;1;16;3;41.2024;885.204;
topk;cuda_2dinsert;1048576;32;256;32;64;8496;1;16;3;41.1039;885.222;
topk;cuda_2dinsert;1048576;32;256;32;64;8496;1;16;3;41.132;885.237;
topk;cuda_2dinsert;1048576;32;256;32;64;0;1;16;4;207.014;885.166;
topk;cuda_2dinsert;1048576;32;256;32;64;9280;1;16;4;41.269;885.086;
topk;cuda_2dinsert;1048576;32;256;32;64;9280;1;16;4;41.2218;885.178;
topk;cuda_2dinsert;1048576;32;256;32;64;9280;1;16;4;41.2573;885.252;
topk;cuda_2dinsert;1048576;32;256;32;64;9280;1;16;4;41.1915;885.181;
topk;cuda_2dinsert;1048576;32;256;32;64;9280;1;16;4;41.2997;885.017;
topk;cuda_2dinsert;1048576;32;256;32;64;9280;1;16;4;41.1984;885.161;
topk;cuda_2dinsert;1048576;32;256;32;64;9280;1;16;4;41.2018;884.902;
topk;cuda_2dinsert;1048576;32;256;32;64;9280;1;16;4;41.2752;885.427;
topk;cuda_2dinsert;1048576;32;256;32;64;9280;1;16;4;41.1555;885.391;
topk;cuda_2dinsert;1048576;32;256;32;64;0;1;32;1;208.757;1057.05;
topk;cuda_2dinsert;1048576;32;256;32;64;12808;1;32;1;41.1634;1057.05;
topk;cuda_2dinsert;1048576;32;256;32;64;12808;1;32;1;41.1816;1057.15;
topk;cuda_2dinsert;1048576;32;256;32;64;12808;1;32;1;41.2111;1057.37;
topk;cuda_2dinsert;1048576;32;256;32;64;12808;1;32;1;41.1386;1057.13;
topk;cuda_2dinsert;1048576;32;256;32;64;12808;1;32;1;41.2919;1057.23;
topk;cuda_2dinsert;1048576;32;256;32;64;12808;1;32;1;41.131;1057.15;
topk;cuda_2dinsert;1048576;32;256;32;64;12808;1;32;1;41.1933;1057;
topk;cuda_2dinsert;1048576;32;256;32;64;12808;1;32;1;41.2316;1057.2;
topk;cuda_2dinsert;1048576;32;256;32;64;12808;1;32;1;41.1431;1057.34;
topk;cuda_2dinsert;1048576;32;256;32;64;0;1;32;2;221.974;1004.38;
topk;cuda_2dinsert;1048576;32;256;32;64;13328;1;32;2;41.1778;1004.34;
topk;cuda_2dinsert;1048576;32;256;32;64;13328;1;32;2;41.1574;1004.47;
topk;cuda_2dinsert;1048576;32;256;32;64;13328;1;32;2;41.1756;1005.19;
topk;cuda_2dinsert;1048576;32;256;32;64;13328;1;32;2;41.2606;1004.55;
topk;cuda_2dinsert;1048576;32;256;32;64;13328;1;32;2;41.1066;1004.48;
topk;cuda_2dinsert;1048576;32;256;32;64;13328;1;32;2;41.0862;1004.75;
topk;cuda_2dinsert;1048576;32;256;32;64;13328;1;32;2;41.1257;1004.38;
topk;cuda_2dinsert;1048576;32;256;32;64;13328;1;32;2;41.1562;1004.51;
topk;cuda_2dinsert;1048576;32;256;32;64;13328;1;32;2;41.078;1004.39;
topk;cuda_2dinsert;1048576;32;256;32;64;0;1;32;3;217.239;1006.03;
topk;cuda_2dinsert;1048576;32;256;32;64;13848;1;32;3;41.1595;1006.56;
topk;cuda_2dinsert;1048576;32;256;32;64;13848;1;32;3;44.2805;1006.03;
topk;cuda_2dinsert;1048576;32;256;32;64;13848;1;32;3;44.3211;1005.98;
topk;cuda_2dinsert;1048576;32;256;32;64;13848;1;32;3;44.3614;1005.77;
topk;cuda_2dinsert;1048576;32;256;32;64;13848;1;32;3;44.4104;1006.01;
topk;cuda_2dinsert;1048576;32;256;32;64;13848;1;32;3;44.2754;1006.21;
topk;cuda_2dinsert;1048576;32;256;32;64;13848;1;32;3;44.431;1006.11;
topk;cuda_2dinsert;1048576;32;256;32;64;13848;1;32;3;44.3335;1006.41;
topk;cuda_2dinsert;1048576;32;256;32;64;13848;1;32;3;44.2664;1005.6;
topk;cuda_2dinsert;1048576;32;256;32;64;0;1;32;4;220.813;997.458;
topk;cuda_2dinsert;1048576;32;256;32;64;14368;1;32;4;41.2125;998.089;
topk;cuda_2dinsert;1048576;32;256;32;64;14368;1;32;4;41.1955;997.639;
topk;cuda_2dinsert;1048576;32;256;32;64;14368;1;32;4;41.6167;997.896;
topk;cuda_2dinsert;1048576;32;256;32;64;14368;1;32;4;41.2168;997.925;
topk;cuda_2dinsert;1048576;32;256;32;64;14368;1;32;4;41.2334;998.145;
topk;cuda_2dinsert;1048576;32;256;32;64;14368;1;32;4;41.2646;998.463;
topk;cuda_2dinsert;1048576;32;256;32;64;14368;1;32;4;41.2777;998.469;
topk;cuda_2dinsert;1048576;32;256;32;64;14368;1;32;4;41.2546;997.917;
topk;cuda_2dinsert;1048576;32;256;32;64;14368;1;32;4;41.1958;997.68;
topk;cuda_2dinsert;1048576;32;256;32;128;0;1;4;1;211.707;840.528;
topk;cuda_2dinsert;1048576;32;256;32;128;6272;1;4;1;41.1943;840.147;
topk;cuda_2dinsert;1048576;32;256;32;128;6272;1;4;1;41.2273;840.137;
topk;cuda_2dinsert;1048576;32;256;32;128;6272;1;4;1;41.1556;839.976;
topk;cuda_2dinsert;1048576;32;256;32;128;6272;1;4;1;41.137;840.082;
topk;cuda_2dinsert;1048576;32;256;32;128;6272;1;4;1;41.1328;839.97;
topk;cuda_2dinsert;1048576;32;256;32;128;6272;1;4;1;41.205;840.037;
topk;cuda_2dinsert;1048576;32;256;32;128;6272;1;4;1;41.1514;840.13;
topk;cuda_2dinsert;1048576;32;256;32;128;6272;1;4;1;41.1648;840.112;
topk;cuda_2dinsert;1048576;32;256;32;128;6272;1;4;1;41.1143;840.512;
topk;cuda_2dinsert;1048576;32;256;32;128;0;1;4;2;206.663;847.954;
topk;cuda_2dinsert;1048576;32;256;32;128;11008;1;4;2;41.0952;847.489;
topk;cuda_2dinsert;1048576;32;256;32;128;11008;1;4;2;41.1185;846.394;
topk;cuda_2dinsert;1048576;32;256;32;128;11008;1;4;2;41.1805;846.313;
topk;cuda_2dinsert;1048576;32;256;32;128;11008;1;4;2;40.9931;846.773;
topk;cuda_2dinsert;1048576;32;256;32;128;11008;1;4;2;41.0372;846.679;
topk;cuda_2dinsert;1048576;32;256;32;128;11008;1;4;2;41.0221;846.683;
topk;cuda_2dinsert;1048576;32;256;32;128;11008;1;4;2;41.0595;846.37;
topk;cuda_2dinsert;1048576;32;256;32;128;11008;1;4;2;41.0393;846.72;
topk;cuda_2dinsert;1048576;32;256;32;128;11008;1;4;2;41.0503;846.653;
topk;cuda_2dinsert;1048576;32;256;32;128;0;1;4;3;223.603;891.269;
topk;cuda_2dinsert;1048576;32;256;32;128;15744;1;4;3;42.0645;895.583;
topk;cuda_2dinsert;1048576;32;256;32;128;15744;1;4;3;41.4868;890.473;
topk;cuda_2dinsert;1048576;32;256;32;128;15744;1;4;3;41.4503;889.661;
topk;cuda_2dinsert;1048576;32;256;32;128;15744;1;4;3;41.9513;889.821;
topk;cuda_2dinsert;1048576;32;256;32;128;15744;1;4;3;41.406;889.779;
topk;cuda_2dinsert;1048576;32;256;32;128;15744;1;4;3;41.8905;889.79;
topk;cuda_2dinsert;1048576;32;256;32;128;15744;1;4;3;41.8339;889.679;
topk;cuda_2dinsert;1048576;32;256;32;128;15744;1;4;3;42.3417;889.528;
topk;cuda_2dinsert;1048576;32;256;32;128;15744;1;4;3;42.0368;889.599;
topk;cuda_2dinsert;1048576;32;256;32;128;0;1;4;4;215.078;1091.33;
topk;cuda_2dinsert;1048576;32;256;32;128;20480;1;4;4;41.6148;1091.52;
topk;cuda_2dinsert;1048576;32;256;32;128;20480;1;4;4;41.2481;1091.59;
topk;cuda_2dinsert;1048576;32;256;32;128;20480;1;4;4;41.241;1091.4;
topk;cuda_2dinsert;1048576;32;256;32;128;20480;1;4;4;41.3436;1091.46;
topk;cuda_2dinsert;1048576;32;256;32;128;20480;1;4;4;41.2653;1091.45;
topk;cuda_2dinsert;1048576;32;256;32;128;20480;1;4;4;41.247;1091.38;
topk;cuda_2dinsert;1048576;32;256;32;128;20480;1;4;4;41.2554;1091.35;
topk;cuda_2dinsert;1048576;32;256;32;128;20480;1;4;4;41.2389;1091.34;
topk;cuda_2dinsert;1048576;32;256;32;128;20480;1;4;4;41.2508;1091.49;
topk;cuda_2dinsert;1048576;32;256;32;128;0;1;8;1;210.866;824.274;
topk;cuda_2dinsert;1048576;32;256;32;128;5696;1;8;1;41.1026;824.921;
topk;cuda_2dinsert;1048576;32;256;32;128;5696;1;8;1;41.0959;825.036;
topk;cuda_2dinsert;1048576;32;256;32;128;5696;1;8;1;41.1716;825.085;
topk;cuda_2dinsert;1048576;32;256;32;128;5696;1;8;1;41.0376;824.576;
topk;cuda_2dinsert;1048576;32;256;32;128;5696;1;8;1;41.0511;824.697;
topk;cuda_2dinsert;1048576;32;256;32;128;5696;1;8;1;41.0288;825.001;
topk;cuda_2dinsert;1048576;32;256;32;128;5696;1;8;1;41.0461;824.374;
topk;cuda_2dinsert;1048576;32;256;32;128;5696;1;8;1;41.0393;824.284;
topk;cuda_2dinsert;1048576;32;256;32;128;5696;1;8;1;41.0559;823.9;
topk;cuda_2dinsert;1048576;32;256;32;128;0;1;8;2;216.531;817.585;
topk;cuda_2dinsert;1048576;32;256;32;128;8320;1;8;2;41.2233;816.645;
topk;cuda_2dinsert;1048576;32;256;32;128;8320;1;8;2;41.2183;816.669;
topk;cuda_2dinsert;1048576;32;256;32;128;8320;1;8;2;41.1756;816.835;
topk;cuda_2dinsert;1048576;32;256;32;128;8320;1;8;2;41.2741;816.572;
topk;cuda_2dinsert;1048576;32;256;32;128;8320;1;8;2;41.2255;816.58;
topk;cuda_2dinsert;1048576;32;256;32;128;8320;1;8;2;41.24;816.645;
topk;cuda_2dinsert;1048576;32;256;32;128;8320;1;8;2;41.1842;816.629;
topk;cuda_2dinsert;1048576;32;256;32;128;8320;1;8;2;41.1843;816.46;
topk;cuda_2dinsert;1048576;32;256;32;128;8320;1;8;2;41.2434;816.621;
topk;cuda_2dinsert;1048576;32;256;32;128;0;1;8;3;208.137;821.882;
topk;cuda_2dinsert;1048576;32;256;32;128;10944;1;8;3;41.2893;822.023;
topk;cuda_2dinsert;1048576;32;256;32;128;10944;1;8;3;41.2439;821.888;
topk;cuda_2dinsert;1048576;32;256;32;128;10944;1;8;3;41.3246;821.869;
topk;cuda_2dinsert;1048576;32;256;32;128;10944;1;8;3;41.2383;822;
topk;cuda_2dinsert;1048576;32;256;32;128;10944;1;8;3;41.2817;821.832;
topk;cuda_2dinsert;1048576;32;256;32;128;10944;1;8;3;41.155;821.904;
topk;cuda_2dinsert;1048576;32;256;32;128;10944;1;8;3;41.2387;822.066;
topk;cuda_2dinsert;1048576;32;256;32;128;10944;1;8;3;41.163;822.044;
topk;cuda_2dinsert;1048576;32;256;32;128;10944;1;8;3;41.2799;821.835;
topk;cuda_2dinsert;1048576;32;256;32;128;0;1;8;4;208.622;831.818;
topk;cuda_2dinsert;1048576;32;256;32;128;13568;1;8;4;41.2244;831.94;
topk;cuda_2dinsert;1048576;32;256;32;128;13568;1;8;4;41.2262;832.316;
topk;cuda_2dinsert;1048576;32;256;32;128;13568;1;8;4;41.2113;832.223;
topk;cuda_2dinsert;1048576;32;256;32;128;13568;1;8;4;41.2139;831.954;
topk;cuda_2dinsert;1048576;32;256;32;128;13568;1;8;4;41.2399;831.92;
topk;cuda_2dinsert;1048576;32;256;32;128;13568;1;8;4;42.2032;834.522;
topk;cuda_2dinsert;1048576;32;256;32;128;13568;1;8;4;41.3274;837.202;
topk;cuda_2dinsert;1048576;32;256;32;128;13568;1;8;4;41.1981;836.884;
topk;cuda_2dinsert;1048576;32;256;32;128;13568;1;8;4;41.2193;832.937;
topk;cuda_2dinsert;1048576;32;256;32;128;0;1;16;1;221.515;843.425;
topk;cuda_2dinsert;1048576;32;256;32;128;7712;1;16;1;41.217;843.804;
topk;cuda_2dinsert;1048576;32;256;32;128;7712;1;16;1;41.2731;843.265;
topk;cuda_2dinsert;1048576;32;256;32;128;7712;1;16;1;41.1789;843.436;
topk;cuda_2dinsert;1048576;32;256;32;128;7712;1;16;1;41.216;843.414;
topk;cuda_2dinsert;1048576;32;256;32;128;7712;1;16;1;41.2044;843.446;
topk;cuda_2dinsert;1048576;32;256;32;128;7712;1;16;1;41.1917;843.425;
topk;cuda_2dinsert;1048576;32;256;32;128;7712;1;16;1;43.605;843.368;
topk;cuda_2dinsert;1048576;32;256;32;128;7712;1;16;1;41.2422;843.286;
topk;cuda_2dinsert;1048576;32;256;32;128;7712;1;16;1;41.2291;843.456;
topk;cuda_2dinsert;1048576;32;256;32;128;0;1;16;2;207.105;834.352;
topk;cuda_2dinsert;1048576;32;256;32;128;9280;1;16;2;41.4155;834.393;
topk;cuda_2dinsert;1048576;32;256;32;128;9280;1;16;2;41.4529;834.283;
topk;cuda_2dinsert;1048576;32;256;32;128;9280;1;16;2;41.4202;834.303;
topk;cuda_2dinsert;1048576;32;256;32;128;9280;1;16;2;41.714;834.379;
topk;cuda_2dinsert;1048576;32;256;32;128;9280;1;16;2;41.4021;834.388;
topk;cuda_2dinsert;1048576;32;256;32;128;9280;1;16;2;41.43;834.271;
topk;cuda_2dinsert;1048576;32;256;32;128;9280;1;16;2;41.4563;834.267;
topk;cuda_2dinsert;1048576;32;256;32;128;9280;1;16;2;41.4151;834.265;
topk;cuda_2dinsert;1048576;32;256;32;128;9280;1;16;2;41.4959;834.277;
topk;cuda_2dinsert;1048576;32;256;32;128;0;1;16;3;215.508;830.682;
topk;cuda_2dinsert;1048576;32;256;32;128;10848;1;16;3;41.4516;830.904;
topk;cuda_2dinsert;1048576;32;256;32;128;10848;1;16;3;41.4644;830.667;
topk;cuda_2dinsert;1048576;32;256;32;128;10848;1;16;3;41.4674;830.793;
topk;cuda_2dinsert;1048576;32;256;32;128;10848;1;16;3;41.4287;830.62;
topk;cuda_2dinsert;1048576;32;256;32;128;10848;1;16;3;41.4427;830.695;
topk;cuda_2dinsert;1048576;32;256;32;128;10848;1;16;3;41.4671;830.849;
topk;cuda_2dinsert;1048576;32;256;32;128;10848;1;16;3;41.4962;830.857;
topk;cuda_2dinsert;1048576;32;256;32;128;10848;1;16;3;41.4493;830.861;
topk;cuda_2dinsert;1048576;32;256;32;128;10848;1;16;3;41.4741;830.684;
topk;cuda_2dinsert;1048576;32;256;32;128;0;1;16;4;217.117;838.131;
topk;cuda_2dinsert;1048576;32;256;32;128;12416;1;16;4;41.1264;838.243;
topk;cuda_2dinsert;1048576;32;256;32;128;12416;1;16;4;41.1653;837.992;
topk;cuda_2dinsert;1048576;32;256;32;128;12416;1;16;4;41.2398;837.917;
topk;cuda_2dinsert;1048576;32;256;32;128;12416;1;16;4;41.1845;838.16;
topk;cuda_2dinsert;1048576;32;256;32;128;12416;1;16;4;41.189;838.187;
topk;cuda_2dinsert;1048576;32;256;32;128;12416;1;16;4;41.1583;838.211;
topk;cuda_2dinsert;1048576;32;256;32;128;12416;1;16;4;41.2474;838.385;
topk;cuda_2dinsert;1048576;32;256;32;128;12416;1;16;4;41.1936;837.873;
topk;cuda_2dinsert;1048576;32;256;32;128;12416;1;16;4;41.2039;838.068;
topk;cuda_2dinsert;1048576;32;256;32;128;0;1;32;1;212.091;901.495;
topk;cuda_2dinsert;1048576;32;256;32;128;13328;1;32;1;41.1579;901.314;
topk;cuda_2dinsert;1048576;32;256;32;128;13328;1;32;1;41.1705;901.56;
topk;cuda_2dinsert;1048576;32;256;32;128;13328;1;32;1;41.1963;901.446;
topk;cuda_2dinsert;1048576;32;256;32;128;13328;1;32;1;41.1966;901.366;
topk;cuda_2dinsert;1048576;32;256;32;128;13328;1;32;1;41.1744;901.235;
topk;cuda_2dinsert;1048576;32;256;32;128;13328;1;32;1;41.1582;901.562;
topk;cuda_2dinsert;1048576;32;256;32;128;13328;1;32;1;41.2399;901.54;
topk;cuda_2dinsert;1048576;32;256;32;128;13328;1;32;1;41.1438;901.337;
topk;cuda_2dinsert;1048576;32;256;32;128;13328;1;32;1;41.199;901.29;
topk;cuda_2dinsert;1048576;32;256;32;128;0;1;32;2;212.208;889.485;
topk;cuda_2dinsert;1048576;32;256;32;128;14368;1;32;2;41.34;889.559;
topk;cuda_2dinsert;1048576;32;256;32;128;14368;1;32;2;41.2259;889.36;
topk;cuda_2dinsert;1048576;32;256;32;128;14368;1;32;2;41.1787;889.934;
topk;cuda_2dinsert;1048576;32;256;32;128;14368;1;32;2;41.1952;889.209;
topk;cuda_2dinsert;1048576;32;256;32;128;14368;1;32;2;41.262;889.336;
topk;cuda_2dinsert;1048576;32;256;32;128;14368;1;32;2;41.1657;889.137;
topk;cuda_2dinsert;1048576;32;256;32;128;14368;1;32;2;41.2126;889.366;
topk;cuda_2dinsert;1048576;32;256;32;128;14368;1;32;2;41.211;889.112;
topk;cuda_2dinsert;1048576;32;256;32;128;14368;1;32;2;41.2251;889.061;
topk;cuda_2dinsert;1048576;32;256;32;128;0;1;32;3;216.115;885.753;
topk;cuda_2dinsert;1048576;32;256;32;128;15408;1;32;3;41.6181;885.6;
topk;cuda_2dinsert;1048576;32;256;32;128;15408;1;32;3;41.3391;885.878;
topk;cuda_2dinsert;1048576;32;256;32;128;15408;1;32;3;41.6355;886.219;
topk;cuda_2dinsert;1048576;32;256;32;128;15408;1;32;3;41.6234;885.722;
topk;cuda_2dinsert;1048576;32;256;32;128;15408;1;32;3;41.5666;885.761;
topk;cuda_2dinsert;1048576;32;256;32;128;15408;1;32;3;41.6247;886.037;
topk;cuda_2dinsert;1048576;32;256;32;128;15408;1;32;3;41.8114;886.1;
topk;cuda_2dinsert;1048576;32;256;32;128;15408;1;32;3;41.6081;886.058;
topk;cuda_2dinsert;1048576;32;256;32;128;15408;1;32;3;41.2079;886.004;
topk;cuda_2dinsert;1048576;32;256;32;128;0;1;32;4;210.706;888.485;
topk;cuda_2dinsert;1048576;32;256;32;128;16448;1;32;4;44.2975;888.666;
topk;cuda_2dinsert;1048576;32;256;32;128;16448;1;32;4;44.2428;888.22;
topk;cuda_2dinsert;1048576;32;256;32;128;16448;1;32;4;44.0836;888.613;
topk;cuda_2dinsert;1048576;32;256;32;128;16448;1;32;4;44.1593;888.353;
topk;cuda_2dinsert;1048576;32;256;32;128;16448;1;32;4;44.3909;888.402;
topk;cuda_2dinsert;1048576;32;256;32;128;16448;1;32;4;44.5008;888.566;
topk;cuda_2dinsert;1048576;32;256;32;128;16448;1;32;4;44.3708;888.279;
topk;cuda_2dinsert;1048576;32;256;32;128;16448;1;32;4;44.2056;887.906;
topk;cuda_2dinsert;1048576;32;256;32;128;16448;1;32;4;44.2814;888.298;
topk;cuda_2dinsert;1048576;32;256;32;256;0;1;8;1;221.274;887.943;
topk;cuda_2dinsert;1048576;32;256;32;256;8320;1;8;1;41.3686;885.938;
topk;cuda_2dinsert;1048576;32;256;32;256;8320;1;8;1;41.9534;885.809;
topk;cuda_2dinsert;1048576;32;256;32;256;8320;1;8;1;41.4351;886.213;
topk;cuda_2dinsert;1048576;32;256;32;256;8320;1;8;1;41.4766;886.138;
topk;cuda_2dinsert;1048576;32;256;32;256;8320;1;8;1;41.7249;886.363;
topk;cuda_2dinsert;1048576;32;256;32;256;8320;1;8;1;41.658;887.168;
topk;cuda_2dinsert;1048576;32;256;32;256;8320;1;8;1;41.5381;885.901;
topk;cuda_2dinsert;1048576;32;256;32;256;8320;1;8;1;41.6421;886.857;
topk;cuda_2dinsert;1048576;32;256;32;256;8320;1;8;1;41.4535;886.973;
topk;cuda_2dinsert;1048576;32;256;32;256;0;1;8;2;209.075;857.254;
topk;cuda_2dinsert;1048576;32;256;32;256;13568;1;8;2;41.6318;861.714;
topk;cuda_2dinsert;1048576;32;256;32;256;13568;1;8;2;41.5716;862.399;
topk;cuda_2dinsert;1048576;32;256;32;256;13568;1;8;2;42.0407;862.153;
topk;cuda_2dinsert;1048576;32;256;32;256;13568;1;8;2;41.4931;862.704;
topk;cuda_2dinsert;1048576;32;256;32;256;13568;1;8;2;41.5665;861.899;
topk;cuda_2dinsert;1048576;32;256;32;256;13568;1;8;2;41.3225;861.738;
topk;cuda_2dinsert;1048576;32;256;32;256;13568;1;8;2;41.8084;857.188;
topk;cuda_2dinsert;1048576;32;256;32;256;13568;1;8;2;41.7288;856.633;
topk;cuda_2dinsert;1048576;32;256;32;256;13568;1;8;2;41.763;856.616;
topk;cuda_2dinsert;1048576;32;256;32;256;0;1;8;3;218.329;843.845;
topk;cuda_2dinsert;1048576;32;256;32;256;18816;1;8;3;41.5424;846.484;
topk;cuda_2dinsert;1048576;32;256;32;256;18816;1;8;3;41.5468;849.876;
topk;cuda_2dinsert;1048576;32;256;32;256;18816;1;8;3;41.7025;850.209;
topk;cuda_2dinsert;1048576;32;256;32;256;18816;1;8;3;41.6506;849.603;
topk;cuda_2dinsert;1048576;32;256;32;256;18816;1;8;3;41.5655;849.331;
topk;cuda_2dinsert;1048576;32;256;32;256;18816;1;8;3;41.805;850.144;
topk;cuda_2dinsert;1048576;32;256;32;256;18816;1;8;3;41.5682;849.333;
topk;cuda_2dinsert;1048576;32;256;32;256;18816;1;8;3;41.695;850.026;
topk;cuda_2dinsert;1048576;32;256;32;256;18816;1;8;3;41.7005;849.414;
topk;cuda_2dinsert;1048576;32;256;32;256;0;1;8;4;221.14;867.09;
topk;cuda_2dinsert;1048576;32;256;32;256;24064;1;8;4;42.0988;869.511;
topk;cuda_2dinsert;1048576;32;256;32;256;24064;1;8;4;42.2841;869.29;
topk;cuda_2dinsert;1048576;32;256;32;256;24064;1;8;4;42.0401;869.485;
topk;cuda_2dinsert;1048576;32;256;32;256;24064;1;8;4;41.7522;869.443;
topk;cuda_2dinsert;1048576;32;256;32;256;24064;1;8;4;41.9229;869.386;
topk;cuda_2dinsert;1048576;32;256;32;256;24064;1;8;4;42.154;869.547;
topk;cuda_2dinsert;1048576;32;256;32;256;24064;1;8;4;41.7136;868.995;
topk;cuda_2dinsert;1048576;32;256;32;256;24064;1;8;4;42.0456;869.444;
topk;cuda_2dinsert;1048576;32;256;32;256;24064;1;8;4;42.0268;869.487;
topk;cuda_2dinsert;1048576;32;256;32;256;0;1;16;1;225.466;859.878;
topk;cuda_2dinsert;1048576;32;256;32;256;9280;1;16;1;41.6091;859.547;
topk;cuda_2dinsert;1048576;32;256;32;256;9280;1;16;1;41.6521;859.051;
topk;cuda_2dinsert;1048576;32;256;32;256;9280;1;16;1;41.8564;859.67;
topk;cuda_2dinsert;1048576;32;256;32;256;9280;1;16;1;41.796;860.275;
topk;cuda_2dinsert;1048576;32;256;32;256;9280;1;16;1;41.3482;859.91;
topk;cuda_2dinsert;1048576;32;256;32;256;9280;1;16;1;41.5134;859.518;
topk;cuda_2dinsert;1048576;32;256;32;256;9280;1;16;1;41.4556;858.428;
topk;cuda_2dinsert;1048576;32;256;32;256;9280;1;16;1;41.6651;859.622;
topk;cuda_2dinsert;1048576;32;256;32;256;9280;1;16;1;41.6096;859.331;
topk;cuda_2dinsert;1048576;32;256;32;256;0;1;16;2;205.928;836.738;
topk;cuda_2dinsert;1048576;32;256;32;256;12416;1;16;2;41.6953;837.096;
topk;cuda_2dinsert;1048576;32;256;32;256;12416;1;16;2;41.5928;836.389;
topk;cuda_2dinsert;1048576;32;256;32;256;12416;1;16;2;42.0283;836.257;
topk;cuda_2dinsert;1048576;32;256;32;256;12416;1;16;2;41.3432;836.23;
topk;cuda_2dinsert;1048576;32;256;32;256;12416;1;16;2;41.5503;837.336;
topk;cuda_2dinsert;1048576;32;256;32;256;12416;1;16;2;41.7838;836.237;
topk;cuda_2dinsert;1048576;32;256;32;256;12416;1;16;2;41.464;835.677;
topk;cuda_2dinsert;1048576;32;256;32;256;12416;1;16;2;41.3625;836.213;
topk;cuda_2dinsert;1048576;32;256;32;256;12416;1;16;2;41.4965;836.534;
topk;cuda_2dinsert;1048576;32;256;32;256;0;1;16;3;207.925;831.738;
topk;cuda_2dinsert;1048576;32;256;32;256;15552;1;16;3;41.8487;831.335;
topk;cuda_2dinsert;1048576;32;256;32;256;15552;1;16;3;41.8758;832.044;
topk;cuda_2dinsert;1048576;32;256;32;256;15552;1;16;3;42.1042;831.719;
topk;cuda_2dinsert;1048576;32;256;32;256;15552;1;16;3;41.7013;831.929;
topk;cuda_2dinsert;1048576;32;256;32;256;15552;1;16;3;41.9114;832.067;
topk;cuda_2dinsert;1048576;32;256;32;256;15552;1;16;3;42.0426;832.147;
topk;cuda_2dinsert;1048576;32;256;32;256;15552;1;16;3;41.9296;831.604;
topk;cuda_2dinsert;1048576;32;256;32;256;15552;1;16;3;41.5695;831.141;
topk;cuda_2dinsert;1048576;32;256;32;256;15552;1;16;3;42.0628;830.821;
topk;cuda_2dinsert;1048576;32;256;32;256;0;1;16;4;222.467;835.076;
topk;cuda_2dinsert;1048576;32;256;32;256;18688;1;16;4;41.4882;834.569;
topk;cuda_2dinsert;1048576;32;256;32;256;18688;1;16;4;42.0164;835.028;
topk;cuda_2dinsert;1048576;32;256;32;256;18688;1;16;4;41.9316;835.075;
topk;cuda_2dinsert;1048576;32;256;32;256;18688;1;16;4;41.8722;834.499;
topk;cuda_2dinsert;1048576;32;256;32;256;18688;1;16;4;41.3308;835.611;
topk;cuda_2dinsert;1048576;32;256;32;256;18688;1;16;4;41.5092;834.982;
topk;cuda_2dinsert;1048576;32;256;32;256;18688;1;16;4;41.8393;835.339;
topk;cuda_2dinsert;1048576;32;256;32;256;18688;1;16;4;41.6325;835.689;
topk;cuda_2dinsert;1048576;32;256;32;256;18688;1;16;4;41.6076;835.119;
topk;cuda_2dinsert;1048576;32;256;32;256;0;1;32;1;219.152;864.829;
topk;cuda_2dinsert;1048576;32;256;32;256;14368;1;32;1;41.6931;864.879;
topk;cuda_2dinsert;1048576;32;256;32;256;14368;1;32;1;41.8869;865.133;
topk;cuda_2dinsert;1048576;32;256;32;256;14368;1;32;1;41.7833;865.489;
topk;cuda_2dinsert;1048576;32;256;32;256;14368;1;32;1;41.7246;865.623;
topk;cuda_2dinsert;1048576;32;256;32;256;14368;1;32;1;41.7846;865.655;
topk;cuda_2dinsert;1048576;32;256;32;256;14368;1;32;1;41.5959;866.335;
topk;cuda_2dinsert;1048576;32;256;32;256;14368;1;32;1;41.7176;866.029;
topk;cuda_2dinsert;1048576;32;256;32;256;14368;1;32;1;41.5711;866.203;
topk;cuda_2dinsert;1048576;32;256;32;256;14368;1;32;1;41.6203;866.269;
topk;cuda_2dinsert;1048576;32;256;32;256;0;1;32;2;211.99;848.092;
topk;cuda_2dinsert;1048576;32;256;32;256;16448;1;32;2;42.2142;846.904;
topk;cuda_2dinsert;1048576;32;256;32;256;16448;1;32;2;41.8112;847.047;
topk;cuda_2dinsert;1048576;32;256;32;256;16448;1;32;2;42.1439;846.336;
topk;cuda_2dinsert;1048576;32;256;32;256;16448;1;32;2;42.087;846.859;
topk;cuda_2dinsert;1048576;32;256;32;256;16448;1;32;2;41.682;846.975;
topk;cuda_2dinsert;1048576;32;256;32;256;16448;1;32;2;41.8608;848.025;
topk;cuda_2dinsert;1048576;32;256;32;256;16448;1;32;2;42.1225;847.143;
topk;cuda_2dinsert;1048576;32;256;32;256;16448;1;32;2;42.0095;846.808;
topk;cuda_2dinsert;1048576;32;256;32;256;16448;1;32;2;41.9788;847.232;
topk;cuda_2dinsert;1048576;32;256;32;256;0;1;32;3;214.677;841.297;
topk;cuda_2dinsert;1048576;32;256;32;256;18528;1;32;3;41.805;840.927;
topk;cuda_2dinsert;1048576;32;256;32;256;18528;1;32;3;41.9758;841.536;
topk;cuda_2dinsert;1048576;32;256;32;256;18528;1;32;3;41.775;841.32;
topk;cuda_2dinsert;1048576;32;256;32;256;18528;1;32;3;42.067;842.087;
topk;cuda_2dinsert;1048576;32;256;32;256;18528;1;32;3;41.9345;841.315;
topk;cuda_2dinsert;1048576;32;256;32;256;18528;1;32;3;41.6626;841.002;
topk;cuda_2dinsert;1048576;32;256;32;256;18528;1;32;3;41.7425;841.873;
topk;cuda_2dinsert;1048576;32;256;32;256;18528;1;32;3;41.8081;841.541;
topk;cuda_2dinsert;1048576;32;256;32;256;18528;1;32;3;42.2661;841.953;
topk;cuda_2dinsert;1048576;32;256;32;256;0;1;32;4;221.482;844.574;
topk;cuda_2dinsert;1048576;32;256;32;256;20608;1;32;4;41.6623;844.486;
topk;cuda_2dinsert;1048576;32;256;32;256;20608;1;32;4;42.0052;844.515;
topk;cuda_2dinsert;1048576;32;256;32;256;20608;1;32;4;41.9509;844.285;
topk;cuda_2dinsert;1048576;32;256;32;256;20608;1;32;4;41.8453;844.844;
topk;cuda_2dinsert;1048576;32;256;32;256;20608;1;32;4;42.0135;844.787;
topk;cuda_2dinsert;1048576;32;256;32;256;20608;1;32;4;42.0895;844.442;
topk;cuda_2dinsert;1048576;32;256;32;256;20608;1;32;4;41.7901;844.634;
topk;cuda_2dinsert;1048576;32;256;32;256;20608;1;32;4;41.7338;843.683;
topk;cuda_2dinsert;1048576;32;256;32;256;20608;1;32;4;41.567;843.932;
