topk;cuda_2dinsert;1048576;4;256;8;16;49152;1;4;1;116.245;20.9716;
topk;cuda_2dinsert;1048576;4;256;8;16;49152;1;4;1;5.89819;20.9525;
topk;cuda_2dinsert;1048576;4;256;8;16;49152;1;4;1;5.9079;20.9566;
topk;cuda_2dinsert;1048576;4;256;8;16;49152;1;4;1;5.85489;20.9531;
topk;cuda_2dinsert;1048576;4;256;8;16;49152;1;4;1;5.8275;20.9499;
topk;cuda_2dinsert;1048576;4;256;8;16;49152;1;4;1;5.81266;20.9461;
topk;cuda_2dinsert;1048576;4;256;8;16;49152;1;4;1;5.76864;20.9516;
topk;cuda_2dinsert;1048576;4;256;8;16;49152;1;4;1;5.78489;20.952;
topk;cuda_2dinsert;1048576;4;256;8;16;49152;1;4;1;5.78542;20.9521;
topk;cuda_2dinsert;1048576;4;256;8;16;49152;1;4;1;5.77774;20.9445;
topk;cuda_2dinsert;1048576;4;256;8;16;49152;1;4;2;115.097;16.8658;
topk;cuda_2dinsert;1048576;4;256;8;16;49152;1;4;2;5.89127;16.8525;
topk;cuda_2dinsert;1048576;4;256;8;16;49152;1;4;2;5.90031;16.8452;
topk;cuda_2dinsert;1048576;4;256;8;16;49152;1;4;2;5.85975;16.8462;
topk;cuda_2dinsert;1048576;4;256;8;16;49152;1;4;2;5.81561;16.8463;
topk;cuda_2dinsert;1048576;4;256;8;16;49152;1;4;2;5.81247;16.8515;
topk;cuda_2dinsert;1048576;4;256;8;16;49152;1;4;2;5.78094;16.8466;
topk;cuda_2dinsert;1048576;4;256;8;16;49152;1;4;2;5.79919;16.8496;
topk;cuda_2dinsert;1048576;4;256;8;16;49152;1;4;2;5.78196;16.8635;
topk;cuda_2dinsert;1048576;4;256;8;16;49152;1;4;2;5.77593;16.8485;
topk;cuda_2dinsert;1048576;4;256;8;16;49152;1;4;3;114.931;19.2864;
topk;cuda_2dinsert;1048576;4;256;8;16;49152;1;4;3;5.87654;19.2683;
topk;cuda_2dinsert;1048576;4;256;8;16;49152;1;4;3;5.9057;19.2636;
topk;cuda_2dinsert;1048576;4;256;8;16;49152;1;4;3;5.85262;19.2604;
topk;cuda_2dinsert;1048576;4;256;8;16;49152;1;4;3;5.80719;19.2616;
topk;cuda_2dinsert;1048576;4;256;8;16;49152;1;4;3;5.80242;19.2635;
topk;cuda_2dinsert;1048576;4;256;8;16;49152;1;4;3;5.78156;19.2606;
topk;cuda_2dinsert;1048576;4;256;8;16;49152;1;4;3;5.78128;19.2679;
topk;cuda_2dinsert;1048576;4;256;8;16;49152;1;4;3;5.78536;19.2753;
topk;cuda_2dinsert;1048576;4;256;8;16;49152;1;4;3;5.75865;19.2592;
topk;cuda_2dinsert;1048576;4;256;8;16;49152;1;4;4;115.815;18.8397;
topk;cuda_2dinsert;1048576;4;256;8;16;49152;1;4;4;5.90984;18.8194;
topk;cuda_2dinsert;1048576;4;256;8;16;49152;1;4;4;5.90468;18.8124;
topk;cuda_2dinsert;1048576;4;256;8;16;49152;1;4;4;5.84439;18.8135;
topk;cuda_2dinsert;1048576;4;256;8;16;49152;1;4;4;5.8146;18.8144;
topk;cuda_2dinsert;1048576;4;256;8;16;49152;1;4;4;5.80808;18.8148;
topk;cuda_2dinsert;1048576;4;256;8;16;49152;1;4;4;5.79016;18.8205;
topk;cuda_2dinsert;1048576;4;256;8;16;49152;1;4;4;5.76206;18.8141;
topk;cuda_2dinsert;1048576;4;256;8;16;49152;1;4;4;5.76151;18.8182;
topk;cuda_2dinsert;1048576;4;256;8;16;49152;1;4;4;5.76516;18.8201;
topk;cuda_2dinsert;1048576;4;256;8;16;49152;1;8;1;115.85;20.1436;
topk;cuda_2dinsert;1048576;4;256;8;16;49152;1;8;1;5.90636;20.121;
topk;cuda_2dinsert;1048576;4;256;8;16;49152;1;8;1;5.91479;20.1124;
topk;cuda_2dinsert;1048576;4;256;8;16;49152;1;8;1;5.8586;20.1121;
topk;cuda_2dinsert;1048576;4;256;8;16;49152;1;8;1;5.8366;20.1333;
topk;cuda_2dinsert;1048576;4;256;8;16;49152;1;8;1;5.80939;20.1179;
topk;cuda_2dinsert;1048576;4;256;8;16;49152;1;8;1;5.802;20.1086;
topk;cuda_2dinsert;1048576;4;256;8;16;49152;1;8;1;5.8004;20.1236;
topk;cuda_2dinsert;1048576;4;256;8;16;49152;1;8;1;5.79185;20.1226;
topk;cuda_2dinsert;1048576;4;256;8;16;49152;1;8;1;5.77427;20.1172;
topk;cuda_2dinsert;1048576;4;256;8;16;49152;1;8;2;116.015;16.0683;
topk;cuda_2dinsert;1048576;4;256;8;16;49152;1;8;2;5.89747;16.055;
topk;cuda_2dinsert;1048576;4;256;8;16;49152;1;8;2;5.88837;16.045;
topk;cuda_2dinsert;1048576;4;256;8;16;49152;1;8;2;5.84653;16.0517;
topk;cuda_2dinsert;1048576;4;256;8;16;49152;1;8;2;5.81666;16.0557;
topk;cuda_2dinsert;1048576;4;256;8;16;49152;1;8;2;5.80881;16.0413;
topk;cuda_2dinsert;1048576;4;256;8;16;49152;1;8;2;5.78169;16.0443;
topk;cuda_2dinsert;1048576;4;256;8;16;49152;1;8;2;5.79526;16.0426;
topk;cuda_2dinsert;1048576;4;256;8;16;49152;1;8;2;5.78187;16.0649;
topk;cuda_2dinsert;1048576;4;256;8;16;49152;1;8;2;5.78262;16.0473;
topk;cuda_2dinsert;1048576;4;256;8;16;49152;1;8;3;116.498;14.7744;
topk;cuda_2dinsert;1048576;4;256;8;16;49152;1;8;3;5.90687;14.762;
topk;cuda_2dinsert;1048576;4;256;8;16;49152;1;8;3;5.88746;14.7629;
topk;cuda_2dinsert;1048576;4;256;8;16;49152;1;8;3;5.84204;14.749;
topk;cuda_2dinsert;1048576;4;256;8;16;49152;1;8;3;5.8495;14.756;
topk;cuda_2dinsert;1048576;4;256;8;16;49152;1;8;3;5.82003;14.7501;
topk;cuda_2dinsert;1048576;4;256;8;16;49152;1;8;3;5.80123;14.7487;
topk;cuda_2dinsert;1048576;4;256;8;16;49152;1;8;3;5.79712;14.7457;
topk;cuda_2dinsert;1048576;4;256;8;16;49152;1;8;3;5.79582;14.7512;
topk;cuda_2dinsert;1048576;4;256;8;16;49152;1;8;3;5.78423;14.7522;
topk;cuda_2dinsert;1048576;4;256;8;16;49152;1;8;4;116.21;14.4656;
topk;cuda_2dinsert;1048576;4;256;8;16;49152;1;8;4;5.89997;14.4507;
topk;cuda_2dinsert;1048576;4;256;8;16;49152;1;8;4;5.90965;14.454;
topk;cuda_2dinsert;1048576;4;256;8;16;49152;1;8;4;5.86265;14.4383;
topk;cuda_2dinsert;1048576;4;256;8;16;49152;1;8;4;5.83469;14.4446;
topk;cuda_2dinsert;1048576;4;256;8;16;49152;1;8;4;5.80227;14.4583;
topk;cuda_2dinsert;1048576;4;256;8;16;49152;1;8;4;5.79175;14.4402;
topk;cuda_2dinsert;1048576;4;256;8;16;49152;1;8;4;5.79201;14.4371;
topk;cuda_2dinsert;1048576;4;256;8;16;49152;1;8;4;5.77606;14.4382;
topk;cuda_2dinsert;1048576;4;256;8;16;49152;1;8;4;5.77484;14.4383;
topk;cuda_2dinsert;1048576;4;256;8;16;49152;1;16;1;116.522;20.205;
topk;cuda_2dinsert;1048576;4;256;8;16;49152;1;16;1;5.90071;20.2153;
topk;cuda_2dinsert;1048576;4;256;8;16;49152;1;16;1;5.90717;20.2314;
topk;cuda_2dinsert;1048576;4;256;8;16;49152;1;16;1;5.85685;20.1961;
topk;cuda_2dinsert;1048576;4;256;8;16;49152;1;16;1;5.84312;20.2428;
topk;cuda_2dinsert;1048576;4;256;8;16;49152;1;16;1;5.84621;20.1944;
topk;cuda_2dinsert;1048576;4;256;8;16;49152;1;16;1;5.7979;20.2003;
topk;cuda_2dinsert;1048576;4;256;8;16;49152;1;16;1;5.80206;20.2337;
topk;cuda_2dinsert;1048576;4;256;8;16;49152;1;16;1;5.78114;20.2536;
topk;cuda_2dinsert;1048576;4;256;8;16;49152;1;16;1;5.78689;20.2499;
topk;cuda_2dinsert;1048576;4;256;8;16;49152;1;16;2;116.526;16.1352;
topk;cuda_2dinsert;1048576;4;256;8;16;49152;1;16;2;5.87652;16.1279;
topk;cuda_2dinsert;1048576;4;256;8;16;49152;1;16;2;5.91149;16.1156;
topk;cuda_2dinsert;1048576;4;256;8;16;49152;1;16;2;5.83662;16.1277;
topk;cuda_2dinsert;1048576;4;256;8;16;49152;1;16;2;5.82958;16.1364;
topk;cuda_2dinsert;1048576;4;256;8;16;49152;1;16;2;5.80388;16.1243;
topk;cuda_2dinsert;1048576;4;256;8;16;49152;1;16;2;5.79856;16.1316;
topk;cuda_2dinsert;1048576;4;256;8;16;49152;1;16;2;5.79661;16.1296;
topk;cuda_2dinsert;1048576;4;256;8;16;49152;1;16;2;5.78487;16.1342;
topk;cuda_2dinsert;1048576;4;256;8;16;49152;1;16;2;5.75619;16.1408;
topk;cuda_2dinsert;1048576;4;256;8;16;49152;1;16;3;116.369;14.8421;
topk;cuda_2dinsert;1048576;4;256;8;16;49152;1;16;3;5.90531;14.8272;
topk;cuda_2dinsert;1048576;4;256;8;16;49152;1;16;3;5.90137;14.8168;
topk;cuda_2dinsert;1048576;4;256;8;16;49152;1;16;3;5.85536;14.7965;
topk;cuda_2dinsert;1048576;4;256;8;16;49152;1;16;3;5.84936;14.815;
topk;cuda_2dinsert;1048576;4;256;8;16;49152;1;16;3;5.8305;14.8033;
topk;cuda_2dinsert;1048576;4;256;8;16;49152;1;16;3;5.80957;14.817;
topk;cuda_2dinsert;1048576;4;256;8;16;49152;1;16;3;5.80835;14.8192;
topk;cuda_2dinsert;1048576;4;256;8;16;49152;1;16;3;5.7732;14.823;
topk;cuda_2dinsert;1048576;4;256;8;16;49152;1;16;3;5.78106;14.8666;
topk;cuda_2dinsert;1048576;4;256;8;16;49152;1;16;4;116.227;14.4078;
topk;cuda_2dinsert;1048576;4;256;8;16;49152;1;16;4;5.9035;14.3855;
topk;cuda_2dinsert;1048576;4;256;8;16;49152;1;16;4;5.89011;14.3976;
topk;cuda_2dinsert;1048576;4;256;8;16;49152;1;16;4;5.85276;14.3818;
topk;cuda_2dinsert;1048576;4;256;8;16;49152;1;16;4;5.83438;14.3926;
topk;cuda_2dinsert;1048576;4;256;8;16;49152;1;16;4;5.82043;14.3866;
topk;cuda_2dinsert;1048576;4;256;8;16;49152;1;16;4;5.79613;14.3835;
topk;cuda_2dinsert;1048576;4;256;8;16;49152;1;16;4;5.79119;14.3989;
topk;cuda_2dinsert;1048576;4;256;8;16;49152;1;16;4;5.79609;14.4018;
topk;cuda_2dinsert;1048576;4;256;8;16;49152;1;16;4;5.79727;14.3955;
topk;cuda_2dinsert;1048576;4;256;8;32;49152;1;4;1;116.324;16.0548;
topk;cuda_2dinsert;1048576;4;256;8;32;49152;1;4;1;5.89364;16.0328;
topk;cuda_2dinsert;1048576;4;256;8;32;49152;1;4;1;5.91077;16.0327;
topk;cuda_2dinsert;1048576;4;256;8;32;49152;1;4;1;5.83313;16.0289;
topk;cuda_2dinsert;1048576;4;256;8;32;49152;1;4;1;5.8248;16.0275;
topk;cuda_2dinsert;1048576;4;256;8;32;49152;1;4;1;5.81167;16.0266;
topk;cuda_2dinsert;1048576;4;256;8;32;49152;1;4;1;5.8034;16.0296;
topk;cuda_2dinsert;1048576;4;256;8;32;49152;1;4;1;5.79081;16.0275;
topk;cuda_2dinsert;1048576;4;256;8;32;49152;1;4;1;5.78447;16.0251;
topk;cuda_2dinsert;1048576;4;256;8;32;49152;1;4;1;5.71922;16.0251;
topk;cuda_2dinsert;1048576;4;256;8;32;49152;1;4;2;116.675;17.7116;
topk;cuda_2dinsert;1048576;4;256;8;32;49152;1;4;2;5.87209;17.6888;
topk;cuda_2dinsert;1048576;4;256;8;32;49152;1;4;2;5.89598;17.6864;
topk;cuda_2dinsert;1048576;4;256;8;32;49152;1;4;2;5.84598;17.6872;
topk;cuda_2dinsert;1048576;4;256;8;32;49152;1;4;2;5.82084;17.6853;
topk;cuda_2dinsert;1048576;4;256;8;32;49152;1;4;2;5.81585;17.6806;
topk;cuda_2dinsert;1048576;4;256;8;32;49152;1;4;2;5.78948;17.6926;
topk;cuda_2dinsert;1048576;4;256;8;32;49152;1;4;2;5.80019;17.6859;
topk;cuda_2dinsert;1048576;4;256;8;32;49152;1;4;2;5.80065;17.6845;
topk;cuda_2dinsert;1048576;4;256;8;32;49152;1;4;2;5.78614;17.6833;
topk;cuda_2dinsert;1048576;4;256;8;32;49152;1;4;3;116.075;16.8124;
topk;cuda_2dinsert;1048576;4;256;8;32;49152;1;4;3;5.90031;16.7937;
topk;cuda_2dinsert;1048576;4;256;8;32;49152;1;4;3;5.90119;16.7908;
topk;cuda_2dinsert;1048576;4;256;8;32;49152;1;4;3;5.84986;16.7889;
topk;cuda_2dinsert;1048576;4;256;8;32;49152;1;4;3;5.83516;16.7899;
topk;cuda_2dinsert;1048576;4;256;8;32;49152;1;4;3;5.77723;16.788;
topk;cuda_2dinsert;1048576;4;256;8;32;49152;1;4;3;5.79796;16.7935;
topk;cuda_2dinsert;1048576;4;256;8;32;49152;1;4;3;5.93452;16.7937;
topk;cuda_2dinsert;1048576;4;256;8;32;49152;1;4;3;5.79547;16.7947;
topk;cuda_2dinsert;1048576;4;256;8;32;49152;1;4;3;5.78584;16.7858;
topk;cuda_2dinsert;1048576;4;256;8;32;49152;1;4;4;116.432;20.4635;
topk;cuda_2dinsert;1048576;4;256;8;32;49152;1;4;4;5.90152;20.4455;
topk;cuda_2dinsert;1048576;4;256;8;32;49152;1;4;4;5.90308;20.4386;
topk;cuda_2dinsert;1048576;4;256;8;32;49152;1;4;4;5.84436;20.4397;
topk;cuda_2dinsert;1048576;4;256;8;32;49152;1;4;4;5.82971;20.4424;
topk;cuda_2dinsert;1048576;4;256;8;32;49152;1;4;4;5.82084;20.4397;
topk;cuda_2dinsert;1048576;4;256;8;32;49152;1;4;4;5.80523;20.4364;
topk;cuda_2dinsert;1048576;4;256;8;32;49152;1;4;4;5.79434;20.4385;
topk;cuda_2dinsert;1048576;4;256;8;32;49152;1;4;4;5.78002;20.4397;
topk;cuda_2dinsert;1048576;4;256;8;32;49152;1;4;4;5.76969;20.4412;
topk;cuda_2dinsert;1048576;4;256;8;32;49152;1;8;1;116.923;15.2524;
topk;cuda_2dinsert;1048576;4;256;8;32;49152;1;8;1;5.91458;15.213;
topk;cuda_2dinsert;1048576;4;256;8;32;49152;1;8;1;5.89036;15.2224;
topk;cuda_2dinsert;1048576;4;256;8;32;49152;1;8;1;5.83337;15.2175;
topk;cuda_2dinsert;1048576;4;256;8;32;49152;1;8;1;5.8403;15.2245;
topk;cuda_2dinsert;1048576;4;256;8;32;49152;1;8;1;5.7988;15.2083;
topk;cuda_2dinsert;1048576;4;256;8;32;49152;1;8;1;5.80549;15.2093;
topk;cuda_2dinsert;1048576;4;256;8;32;49152;1;8;1;5.7842;15.2158;
topk;cuda_2dinsert;1048576;4;256;8;32;49152;1;8;1;5.79172;15.2162;
topk;cuda_2dinsert;1048576;4;256;8;32;49152;1;8;1;5.77656;15.2189;
topk;cuda_2dinsert;1048576;4;256;8;32;49152;1;8;2;116.437;13.5709;
topk;cuda_2dinsert;1048576;4;256;8;32;49152;1;8;2;5.89879;13.5514;
topk;cuda_2dinsert;1048576;4;256;8;32;49152;1;8;2;5.90674;13.559;
topk;cuda_2dinsert;1048576;4;256;8;32;49152;1;8;2;5.8526;13.5423;
topk;cuda_2dinsert;1048576;4;256;8;32;49152;1;8;2;5.82979;13.5486;
topk;cuda_2dinsert;1048576;4;256;8;32;49152;1;8;2;5.81683;13.5426;
topk;cuda_2dinsert;1048576;4;256;8;32;49152;1;8;2;5.79805;13.5561;
topk;cuda_2dinsert;1048576;4;256;8;32;49152;1;8;2;5.79072;13.5407;
topk;cuda_2dinsert;1048576;4;256;8;32;49152;1;8;2;5.76551;13.5456;
topk;cuda_2dinsert;1048576;4;256;8;32;49152;1;8;2;5.77381;13.5565;
topk;cuda_2dinsert;1048576;4;256;8;32;49152;1;8;3;115.692;13.4107;
topk;cuda_2dinsert;1048576;4;256;8;32;49152;1;8;3;5.90808;13.3909;
topk;cuda_2dinsert;1048576;4;256;8;32;49152;1;8;3;5.90435;13.3911;
topk;cuda_2dinsert;1048576;4;256;8;32;49152;1;8;3;5.86216;13.3895;
topk;cuda_2dinsert;1048576;4;256;8;32;49152;1;8;3;5.8244;13.3941;
topk;cuda_2dinsert;1048576;4;256;8;32;49152;1;8;3;5.79945;13.3971;
topk;cuda_2dinsert;1048576;4;256;8;32;49152;1;8;3;5.79316;13.3898;
topk;cuda_2dinsert;1048576;4;256;8;32;49152;1;8;3;5.79258;13.4055;
topk;cuda_2dinsert;1048576;4;256;8;32;49152;1;8;3;5.78624;13.3953;
topk;cuda_2dinsert;1048576;4;256;8;32;49152;1;8;3;5.76946;13.3962;
topk;cuda_2dinsert;1048576;4;256;8;32;49152;1;8;4;116.284;15.0035;
topk;cuda_2dinsert;1048576;4;256;8;32;49152;1;8;4;5.90122;14.9893;
topk;cuda_2dinsert;1048576;4;256;8;32;49152;1;8;4;5.90297;14.9849;
topk;cuda_2dinsert;1048576;4;256;8;32;49152;1;8;4;5.83437;14.983;
topk;cuda_2dinsert;1048576;4;256;8;32;49152;1;8;4;5.82728;14.996;
topk;cuda_2dinsert;1048576;4;256;8;32;49152;1;8;4;5.81023;14.9919;
topk;cuda_2dinsert;1048576;4;256;8;32;49152;1;8;4;5.79726;14.9858;
topk;cuda_2dinsert;1048576;4;256;8;32;49152;1;8;4;5.78263;15.0076;
topk;cuda_2dinsert;1048576;4;256;8;32;49152;1;8;4;5.7924;14.9858;
topk;cuda_2dinsert;1048576;4;256;8;32;49152;1;8;4;5.78314;14.9871;
topk;cuda_2dinsert;1048576;4;256;8;32;49152;1;16;1;116.51;15.0155;
topk;cuda_2dinsert;1048576;4;256;8;32;49152;1;16;1;5.90854;14.9976;
topk;cuda_2dinsert;1048576;4;256;8;32;49152;1;16;1;5.89077;15.0367;
topk;cuda_2dinsert;1048576;4;256;8;32;49152;1;16;1;5.85006;14.9938;
topk;cuda_2dinsert;1048576;4;256;8;32;49152;1;16;1;5.83366;14.9937;
topk;cuda_2dinsert;1048576;4;256;8;32;49152;1;16;1;5.79816;15.0162;
topk;cuda_2dinsert;1048576;4;256;8;32;49152;1;16;1;5.79685;15.0025;
topk;cuda_2dinsert;1048576;4;256;8;32;49152;1;16;1;5.79115;14.9997;
topk;cuda_2dinsert;1048576;4;256;8;32;49152;1;16;1;5.77836;15.0193;
topk;cuda_2dinsert;1048576;4;256;8;32;49152;1;16;1;5.78405;15.0008;
topk;cuda_2dinsert;1048576;4;256;8;32;49152;1;16;2;115.609;13.2405;
topk;cuda_2dinsert;1048576;4;256;8;32;49152;1;16;2;5.90647;13.1863;
topk;cuda_2dinsert;1048576;4;256;8;32;49152;1;16;2;5.90907;13.1823;
topk;cuda_2dinsert;1048576;4;256;8;32;49152;1;16;2;5.85044;13.2;
topk;cuda_2dinsert;1048576;4;256;8;32;49152;1;16;2;5.8308;13.1694;
topk;cuda_2dinsert;1048576;4;256;8;32;49152;1;16;2;5.80563;13.1877;
topk;cuda_2dinsert;1048576;4;256;8;32;49152;1;16;2;5.80539;13.1943;
topk;cuda_2dinsert;1048576;4;256;8;32;49152;1;16;2;5.78706;13.1725;
topk;cuda_2dinsert;1048576;4;256;8;32;49152;1;16;2;5.78745;13.182;
topk;cuda_2dinsert;1048576;4;256;8;32;49152;1;16;2;5.76569;13.1878;
topk;cuda_2dinsert;1048576;4;256;8;32;49152;1;16;3;116.841;12.3272;
topk;cuda_2dinsert;1048576;4;256;8;32;49152;1;16;3;5.90756;12.3066;
topk;cuda_2dinsert;1048576;4;256;8;32;49152;1;16;3;5.89312;12.3156;
topk;cuda_2dinsert;1048576;4;256;8;32;49152;1;16;3;5.84995;12.2991;
topk;cuda_2dinsert;1048576;4;256;8;32;49152;1;16;3;5.83504;12.3133;
topk;cuda_2dinsert;1048576;4;256;8;32;49152;1;16;3;5.8015;12.3191;
topk;cuda_2dinsert;1048576;4;256;8;32;49152;1;16;3;5.78238;12.3474;
topk;cuda_2dinsert;1048576;4;256;8;32;49152;1;16;3;5.79778;12.31;
topk;cuda_2dinsert;1048576;4;256;8;32;49152;1;16;3;5.79234;12.3128;
topk;cuda_2dinsert;1048576;4;256;8;32;49152;1;16;3;5.7806;12.3087;
topk;cuda_2dinsert;1048576;4;256;8;32;49152;1;16;4;116.104;12.6639;
topk;cuda_2dinsert;1048576;4;256;8;32;49152;1;16;4;5.87928;12.6322;
topk;cuda_2dinsert;1048576;4;256;8;32;49152;1;16;4;5.8944;12.6096;
topk;cuda_2dinsert;1048576;4;256;8;32;49152;1;16;4;5.84506;12.6063;
topk;cuda_2dinsert;1048576;4;256;8;32;49152;1;16;4;5.88024;12.5966;
topk;cuda_2dinsert;1048576;4;256;8;32;49152;1;16;4;5.80467;12.5988;
topk;cuda_2dinsert;1048576;4;256;8;32;49152;1;16;4;5.78587;12.6042;
topk;cuda_2dinsert;1048576;4;256;8;32;49152;1;16;4;5.77955;12.5969;
topk;cuda_2dinsert;1048576;4;256;8;32;49152;1;16;4;5.78381;12.5981;
topk;cuda_2dinsert;1048576;4;256;8;32;49152;1;16;4;5.77756;12.6075;
topk;cuda_2dinsert;1048576;4;256;8;32;49152;1;32;1;115.969;15.3412;
topk;cuda_2dinsert;1048576;4;256;8;32;49152;1;32;1;5.90813;15.3168;
topk;cuda_2dinsert;1048576;4;256;8;32;49152;1;32;1;5.90881;15.351;
topk;cuda_2dinsert;1048576;4;256;8;32;49152;1;32;1;5.84386;15.3576;
topk;cuda_2dinsert;1048576;4;256;8;32;49152;1;32;1;5.83692;15.3389;
topk;cuda_2dinsert;1048576;4;256;8;32;49152;1;32;1;5.82306;15.3409;
topk;cuda_2dinsert;1048576;4;256;8;32;49152;1;32;1;5.80465;15.3808;
topk;cuda_2dinsert;1048576;4;256;8;32;49152;1;32;1;5.80133;15.3829;
topk;cuda_2dinsert;1048576;4;256;8;32;49152;1;32;1;5.78847;15.323;
topk;cuda_2dinsert;1048576;4;256;8;32;49152;1;32;1;5.79533;15.332;
topk;cuda_2dinsert;1048576;4;256;8;32;49152;1;32;2;116.087;13.4107;
topk;cuda_2dinsert;1048576;4;256;8;32;49152;1;32;2;5.88843;13.3737;
topk;cuda_2dinsert;1048576;4;256;8;32;49152;1;32;2;5.88394;13.4219;
topk;cuda_2dinsert;1048576;4;256;8;32;49152;1;32;2;5.85818;13.4012;
topk;cuda_2dinsert;1048576;4;256;8;32;49152;1;32;2;5.82569;13.3796;
topk;cuda_2dinsert;1048576;4;256;8;32;49152;1;32;2;5.80235;13.3757;
topk;cuda_2dinsert;1048576;4;256;8;32;49152;1;32;2;5.81817;13.3671;
topk;cuda_2dinsert;1048576;4;256;8;32;49152;1;32;2;5.80183;13.3896;
topk;cuda_2dinsert;1048576;4;256;8;32;49152;1;32;2;5.78555;13.4053;
topk;cuda_2dinsert;1048576;4;256;8;32;49152;1;32;2;5.78806;13.3828;
topk;cuda_2dinsert;1048576;4;256;8;32;49152;1;32;3;116.705;12.6294;
topk;cuda_2dinsert;1048576;4;256;8;32;49152;1;32;3;5.9022;12.5988;
topk;cuda_2dinsert;1048576;4;256;8;32;49152;1;32;3;5.89546;12.5478;
topk;cuda_2dinsert;1048576;4;256;8;32;49152;1;32;3;5.83276;12.588;
topk;cuda_2dinsert;1048576;4;256;8;32;49152;1;32;3;5.81805;12.5624;
topk;cuda_2dinsert;1048576;4;256;8;32;49152;1;32;3;5.80967;12.5529;
topk;cuda_2dinsert;1048576;4;256;8;32;49152;1;32;3;5.81048;12.5723;
topk;cuda_2dinsert;1048576;4;256;8;32;49152;1;32;3;5.798;12.5823;
topk;cuda_2dinsert;1048576;4;256;8;32;49152;1;32;3;5.79122;12.5479;
topk;cuda_2dinsert;1048576;4;256;8;32;49152;1;32;3;5.78237;12.5726;
topk;cuda_2dinsert;1048576;4;256;8;32;49152;1;32;4;115.942;12.6233;
topk;cuda_2dinsert;1048576;4;256;8;32;49152;1;32;4;5.89979;12.6394;
topk;cuda_2dinsert;1048576;4;256;8;32;49152;1;32;4;6.03027;12.6413;
topk;cuda_2dinsert;1048576;4;256;8;32;49152;1;32;4;5.84163;12.6484;
topk;cuda_2dinsert;1048576;4;256;8;32;49152;1;32;4;5.80985;12.6446;
topk;cuda_2dinsert;1048576;4;256;8;32;49152;1;32;4;5.79716;12.6754;
topk;cuda_2dinsert;1048576;4;256;8;32;49152;1;32;4;5.78968;12.6297;
topk;cuda_2dinsert;1048576;4;256;8;32;49152;1;32;4;5.77868;12.6021;
topk;cuda_2dinsert;1048576;4;256;8;32;49152;1;32;4;5.77575;12.6748;
topk;cuda_2dinsert;1048576;4;256;8;32;49152;1;32;4;5.77399;12.6439;
topk;cuda_2dinsert;1048576;4;256;8;64;49152;1;4;1;115.567;16.9834;
topk;cuda_2dinsert;1048576;4;256;8;64;49152;1;4;1;5.8886;16.9567;
topk;cuda_2dinsert;1048576;4;256;8;64;49152;1;4;1;5.89118;16.9514;
topk;cuda_2dinsert;1048576;4;256;8;64;49152;1;4;1;5.95787;16.9549;
topk;cuda_2dinsert;1048576;4;256;8;64;49152;1;4;1;5.85863;16.952;
topk;cuda_2dinsert;1048576;4;256;8;64;49152;1;4;1;5.80972;16.9521;
topk;cuda_2dinsert;1048576;4;256;8;64;49152;1;4;1;5.76748;16.951;
topk;cuda_2dinsert;1048576;4;256;8;64;49152;1;4;1;5.78748;16.9504;
topk;cuda_2dinsert;1048576;4;256;8;64;49152;1;4;1;5.78471;16.9523;
topk;cuda_2dinsert;1048576;4;256;8;64;49152;1;4;1;5.7816;16.9538;
topk;cuda_2dinsert;1048576;4;256;8;64;49152;1;4;2;117.001;19.4245;
topk;cuda_2dinsert;1048576;4;256;8;64;49152;1;4;2;5.88449;19.428;
topk;cuda_2dinsert;1048576;4;256;8;64;49152;1;4;2;5.91622;19.4071;
topk;cuda_2dinsert;1048576;4;256;8;64;49152;1;4;2;5.84624;19.405;
topk;cuda_2dinsert;1048576;4;256;8;64;49152;1;4;2;5.84009;19.4078;
topk;cuda_2dinsert;1048576;4;256;8;64;49152;1;4;2;5.80638;19.4063;
topk;cuda_2dinsert;1048576;4;256;8;64;49152;1;4;2;5.80245;19.4072;
topk;cuda_2dinsert;1048576;4;256;8;64;49152;1;4;2;5.80051;19.4065;
topk;cuda_2dinsert;1048576;4;256;8;64;49152;1;4;2;5.77194;19.4071;
topk;cuda_2dinsert;1048576;4;256;8;64;49152;1;4;2;5.76638;19.4091;
topk;cuda_2dinsert;1048576;4;256;8;64;49152;1;4;3;117.043;18.9728;
topk;cuda_2dinsert;1048576;4;256;8;64;49152;1;4;3;5.88878;18.9508;
topk;cuda_2dinsert;1048576;4;256;8;64;49152;1;4;3;5.90317;18.95;
topk;cuda_2dinsert;1048576;4;256;8;64;49152;1;4;3;5.8541;18.9475;
topk;cuda_2dinsert;1048576;4;256;8;64;49152;1;4;3;5.65358;18.9482;
topk;cuda_2dinsert;1048576;4;256;8;64;49152;1;4;3;5.81739;18.9461;
topk;cuda_2dinsert;1048576;4;256;8;64;49152;1;4;3;5.78257;18.9488;
topk;cuda_2dinsert;1048576;4;256;8;64;49152;1;4;3;5.78524;18.9484;
topk;cuda_2dinsert;1048576;4;256;8;64;49152;1;4;3;5.76966;18.9476;
topk;cuda_2dinsert;1048576;4;256;8;64;49152;1;4;3;5.79673;18.948;
topk;cuda_2dinsert;1048576;4;256;8;64;49152;1;4;4;116.645;22.8197;
topk;cuda_2dinsert;1048576;4;256;8;64;49152;1;4;4;5.86815;22.7965;
topk;cuda_2dinsert;1048576;4;256;8;64;49152;1;4;4;5.91815;22.7959;
topk;cuda_2dinsert;1048576;4;256;8;64;49152;1;4;4;5.88914;22.7956;
topk;cuda_2dinsert;1048576;4;256;8;64;49152;1;4;4;5.81447;22.7966;
topk;cuda_2dinsert;1048576;4;256;8;64;49152;1;4;4;5.81042;22.7947;
topk;cuda_2dinsert;1048576;4;256;8;64;49152;1;4;4;5.7825;22.7946;
topk;cuda_2dinsert;1048576;4;256;8;64;49152;1;4;4;5.79479;22.796;
topk;cuda_2dinsert;1048576;4;256;8;64;49152;1;4;4;5.79061;22.7944;
topk;cuda_2dinsert;1048576;4;256;8;64;49152;1;4;4;5.77752;22.7974;
topk;cuda_2dinsert;1048576;4;256;8;64;49152;1;8;1;116.608;14.0768;
topk;cuda_2dinsert;1048576;4;256;8;64;49152;1;8;1;5.89578;14.0534;
topk;cuda_2dinsert;1048576;4;256;8;64;49152;1;8;1;5.89288;14.0525;
topk;cuda_2dinsert;1048576;4;256;8;64;49152;1;8;1;5.85447;14.0503;
topk;cuda_2dinsert;1048576;4;256;8;64;49152;1;8;1;5.83484;14.0493;
topk;cuda_2dinsert;1048576;4;256;8;64;49152;1;8;1;5.78527;14.0454;
topk;cuda_2dinsert;1048576;4;256;8;64;49152;1;8;1;5.77918;14.0496;
topk;cuda_2dinsert;1048576;4;256;8;64;49152;1;8;1;5.78266;14.0522;
topk;cuda_2dinsert;1048576;4;256;8;64;49152;1;8;1;5.76422;14.0487;
topk;cuda_2dinsert;1048576;4;256;8;64;49152;1;8;1;5.76719;14.0521;
topk;cuda_2dinsert;1048576;4;256;8;64;49152;1;8;2;115.946;14.4924;
topk;cuda_2dinsert;1048576;4;256;8;64;49152;1;8;2;5.89263;14.4735;
topk;cuda_2dinsert;1048576;4;256;8;64;49152;1;8;2;5.9013;14.472;
topk;cuda_2dinsert;1048576;4;256;8;64;49152;1;8;2;5.84462;14.4619;
topk;cuda_2dinsert;1048576;4;256;8;64;49152;1;8;2;5.83003;14.4735;
topk;cuda_2dinsert;1048576;4;256;8;64;49152;1;8;2;5.80369;14.4687;
topk;cuda_2dinsert;1048576;4;256;8;64;49152;1;8;2;5.80311;14.468;
topk;cuda_2dinsert;1048576;4;256;8;64;49152;1;8;2;5.79316;14.4659;
topk;cuda_2dinsert;1048576;4;256;8;64;49152;1;8;2;5.77996;14.4665;
topk;cuda_2dinsert;1048576;4;256;8;64;49152;1;8;2;5.79422;14.4659;
topk;cuda_2dinsert;1048576;4;256;8;64;49152;1;8;3;116.154;13.9903;
topk;cuda_2dinsert;1048576;4;256;8;64;49152;1;8;3;5.9025;13.9632;
topk;cuda_2dinsert;1048576;4;256;8;64;49152;1;8;3;5.87926;13.9584;
topk;cuda_2dinsert;1048576;4;256;8;64;49152;1;8;3;5.84084;13.9576;
topk;cuda_2dinsert;1048576;4;256;8;64;49152;1;8;3;5.81932;13.9638;
topk;cuda_2dinsert;1048576;4;256;8;64;49152;1;8;3;5.79934;13.9628;
topk;cuda_2dinsert;1048576;4;256;8;64;49152;1;8;3;5.78447;13.9578;
topk;cuda_2dinsert;1048576;4;256;8;64;49152;1;8;3;5.78666;13.9616;
topk;cuda_2dinsert;1048576;4;256;8;64;49152;1;8;3;5.78987;13.963;
topk;cuda_2dinsert;1048576;4;256;8;64;49152;1;8;3;5.772;13.9616;
topk;cuda_2dinsert;1048576;4;256;8;64;49152;1;8;4;116.361;16.9332;
topk;cuda_2dinsert;1048576;4;256;8;64;49152;1;8;4;5.88163;16.9137;
topk;cuda_2dinsert;1048576;4;256;8;64;49152;1;8;4;5.91065;16.9192;
topk;cuda_2dinsert;1048576;4;256;8;64;49152;1;8;4;5.83506;16.9153;
topk;cuda_2dinsert;1048576;4;256;8;64;49152;1;8;4;5.83336;16.9166;
topk;cuda_2dinsert;1048576;4;256;8;64;49152;1;8;4;5.81528;16.9131;
topk;cuda_2dinsert;1048576;4;256;8;64;49152;1;8;4;5.8;16.9125;
topk;cuda_2dinsert;1048576;4;256;8;64;49152;1;8;4;5.79263;16.9166;
topk;cuda_2dinsert;1048576;4;256;8;64;49152;1;8;4;5.80563;16.9102;
topk;cuda_2dinsert;1048576;4;256;8;64;49152;1;8;4;5.78491;16.9117;
topk;cuda_2dinsert;1048576;4;256;8;64;49152;1;16;1;115.644;13.3023;
topk;cuda_2dinsert;1048576;4;256;8;64;49152;1;16;1;5.91738;13.2877;
topk;cuda_2dinsert;1048576;4;256;8;64;49152;1;16;1;5.90852;13.2803;
topk;cuda_2dinsert;1048576;4;256;8;64;49152;1;16;1;5.84497;13.2709;
topk;cuda_2dinsert;1048576;4;256;8;64;49152;1;16;1;5.83101;13.2804;
topk;cuda_2dinsert;1048576;4;256;8;64;49152;1;16;1;5.82269;13.2647;
topk;cuda_2dinsert;1048576;4;256;8;64;49152;1;16;1;5.79799;13.2782;
topk;cuda_2dinsert;1048576;4;256;8;64;49152;1;16;1;5.80382;13.2753;
topk;cuda_2dinsert;1048576;4;256;8;64;49152;1;16;1;5.78984;13.2861;
topk;cuda_2dinsert;1048576;4;256;8;64;49152;1;16;1;5.78617;13.3002;
topk;cuda_2dinsert;1048576;4;256;8;64;49152;1;16;2;115.44;12.5961;
topk;cuda_2dinsert;1048576;4;256;8;64;49152;1;16;2;5.88437;12.5743;
topk;cuda_2dinsert;1048576;4;256;8;64;49152;1;16;2;5.9133;12.5742;
topk;cuda_2dinsert;1048576;4;256;8;64;49152;1;16;2;5.86571;12.5673;
topk;cuda_2dinsert;1048576;4;256;8;64;49152;1;16;2;5.82714;12.5711;
topk;cuda_2dinsert;1048576;4;256;8;64;49152;1;16;2;5.80908;12.5716;
topk;cuda_2dinsert;1048576;4;256;8;64;49152;1;16;2;5.79978;12.573;
topk;cuda_2dinsert;1048576;4;256;8;64;49152;1;16;2;5.79341;12.5752;
topk;cuda_2dinsert;1048576;4;256;8;64;49152;1;16;2;5.79855;12.5726;
topk;cuda_2dinsert;1048576;4;256;8;64;49152;1;16;2;5.78944;12.5716;
topk;cuda_2dinsert;1048576;4;256;8;64;49152;1;16;3;117.174;12.3469;
topk;cuda_2dinsert;1048576;4;256;8;64;49152;1;16;3;5.89464;12.3299;
topk;cuda_2dinsert;1048576;4;256;8;64;49152;1;16;3;5.90778;12.3279;
topk;cuda_2dinsert;1048576;4;256;8;64;49152;1;16;3;5.85399;12.3305;
topk;cuda_2dinsert;1048576;4;256;8;64;49152;1;16;3;5.82185;12.325;
topk;cuda_2dinsert;1048576;4;256;8;64;49152;1;16;3;5.80722;12.3345;
topk;cuda_2dinsert;1048576;4;256;8;64;49152;1;16;3;5.79663;12.3276;
topk;cuda_2dinsert;1048576;4;256;8;64;49152;1;16;3;5.784;12.3301;
topk;cuda_2dinsert;1048576;4;256;8;64;49152;1;16;3;5.78634;12.3308;
topk;cuda_2dinsert;1048576;4;256;8;64;49152;1;16;3;5.76873;12.327;
topk;cuda_2dinsert;1048576;4;256;8;64;49152;1;16;4;116.579;13.4167;
topk;cuda_2dinsert;1048576;4;256;8;64;49152;1;16;4;5.88646;13.4214;
topk;cuda_2dinsert;1048576;4;256;8;64;49152;1;16;4;8.21594;14.3575;
topk;cuda_2dinsert;1048576;4;256;8;64;49152;1;16;4;5.82291;13.4117;
topk;cuda_2dinsert;1048576;4;256;8;64;49152;1;16;4;5.77222;13.4143;
topk;cuda_2dinsert;1048576;4;256;8;64;49152;1;16;4;5.77397;13.3949;
topk;cuda_2dinsert;1048576;4;256;8;64;49152;1;16;4;5.75997;13.4042;
topk;cuda_2dinsert;1048576;4;256;8;64;49152;1;16;4;5.74762;13.4048;
topk;cuda_2dinsert;1048576;4;256;8;64;49152;1;16;4;5.7717;13.3918;
topk;cuda_2dinsert;1048576;4;256;8;64;49152;1;16;4;5.76453;13.3954;
topk;cuda_2dinsert;1048576;4;256;8;64;49152;1;32;1;116.97;13.0874;
topk;cuda_2dinsert;1048576;4;256;8;64;49152;1;32;1;5.90146;13.077;
topk;cuda_2dinsert;1048576;4;256;8;64;49152;1;32;1;5.90369;13.0916;
topk;cuda_2dinsert;1048576;4;256;8;64;49152;1;32;1;5.85124;13.0904;
topk;cuda_2dinsert;1048576;4;256;8;64;49152;1;32;1;5.82906;13.0758;
topk;cuda_2dinsert;1048576;4;256;8;64;49152;1;32;1;5.7971;13.0685;
topk;cuda_2dinsert;1048576;4;256;8;64;49152;1;32;1;5.79124;13.0679;
topk;cuda_2dinsert;1048576;4;256;8;64;49152;1;32;1;5.76926;13.047;
topk;cuda_2dinsert;1048576;4;256;8;64;49152;1;32;1;5.75988;13.0601;
topk;cuda_2dinsert;1048576;4;256;8;64;49152;1;32;1;5.79187;13.0805;
topk;cuda_2dinsert;1048576;4;256;8;64;49152;1;32;2;117.141;12.2736;
topk;cuda_2dinsert;1048576;4;256;8;64;49152;1;32;2;5.89023;12.2161;
topk;cuda_2dinsert;1048576;4;256;8;64;49152;1;32;2;5.90836;12.2458;
topk;cuda_2dinsert;1048576;4;256;8;64;49152;1;32;2;5.85407;12.2013;
topk;cuda_2dinsert;1048576;4;256;8;64;49152;1;32;2;5.86411;12.2197;
topk;cuda_2dinsert;1048576;4;256;8;64;49152;1;32;2;5.78872;12.1936;
topk;cuda_2dinsert;1048576;4;256;8;64;49152;1;32;2;5.80132;12.2154;
topk;cuda_2dinsert;1048576;4;256;8;64;49152;1;32;2;5.77054;12.2034;
topk;cuda_2dinsert;1048576;4;256;8;64;49152;1;32;2;5.79039;12.2261;
topk;cuda_2dinsert;1048576;4;256;8;64;49152;1;32;2;5.77487;12.2183;
topk;cuda_2dinsert;1048576;4;256;8;64;49152;1;32;3;117.203;11.6813;
topk;cuda_2dinsert;1048576;4;256;8;64;49152;1;32;3;5.88206;11.7256;
topk;cuda_2dinsert;1048576;4;256;8;64;49152;1;32;3;5.90544;11.6339;
topk;cuda_2dinsert;1048576;4;256;8;64;49152;1;32;3;5.86464;11.6731;
topk;cuda_2dinsert;1048576;4;256;8;64;49152;1;32;3;5.84116;11.6609;
topk;cuda_2dinsert;1048576;4;256;8;64;49152;1;32;3;5.81817;11.6728;
topk;cuda_2dinsert;1048576;4;256;8;64;49152;1;32;3;5.80648;11.671;
topk;cuda_2dinsert;1048576;4;256;8;64;49152;1;32;3;5.793;11.6702;
topk;cuda_2dinsert;1048576;4;256;8;64;49152;1;32;3;5.78366;11.6602;
topk;cuda_2dinsert;1048576;4;256;8;64;49152;1;32;3;5.78929;11.6697;
topk;cuda_2dinsert;1048576;4;256;8;64;49152;1;32;4;116.206;12.1679;
topk;cuda_2dinsert;1048576;4;256;8;64;49152;1;32;4;5.91646;12.1414;
topk;cuda_2dinsert;1048576;4;256;8;64;49152;1;32;4;5.90085;12.14;
topk;cuda_2dinsert;1048576;4;256;8;64;49152;1;32;4;5.84873;12.1809;
topk;cuda_2dinsert;1048576;4;256;8;64;49152;1;32;4;5.82225;12.1445;
topk;cuda_2dinsert;1048576;4;256;8;64;49152;1;32;4;5.80987;12.1454;
topk;cuda_2dinsert;1048576;4;256;8;64;49152;1;32;4;5.79897;12.1344;
topk;cuda_2dinsert;1048576;4;256;8;64;49152;1;32;4;5.77478;12.1238;
topk;cuda_2dinsert;1048576;4;256;8;64;49152;1;32;4;5.78197;12.1743;
topk;cuda_2dinsert;1048576;4;256;8;64;49152;1;32;4;5.78761;12.1137;
topk;cuda_2dinsert;1048576;4;256;8;128;49152;1;4;1;116.101;23.1267;
topk;cuda_2dinsert;1048576;4;256;8;128;49152;1;4;1;5.90871;23.1056;
topk;cuda_2dinsert;1048576;4;256;8;128;49152;1;4;1;5.90315;23.1038;
topk;cuda_2dinsert;1048576;4;256;8;128;49152;1;4;1;5.87749;23.1006;
topk;cuda_2dinsert;1048576;4;256;8;128;49152;1;4;1;5.82605;23.1004;
topk;cuda_2dinsert;1048576;4;256;8;128;49152;1;4;1;5.81758;23.103;
topk;cuda_2dinsert;1048576;4;256;8;128;49152;1;4;1;5.7714;23.1072;
topk;cuda_2dinsert;1048576;4;256;8;128;49152;1;4;1;5.79357;23.1029;
topk;cuda_2dinsert;1048576;4;256;8;128;49152;1;4;1;5.77717;23.1026;
topk;cuda_2dinsert;1048576;4;256;8;128;49152;1;4;1;5.76747;23.1013;
topk;cuda_2dinsert;1048576;4;256;8;128;49152;1;4;2;116.102;25.0748;
topk;cuda_2dinsert;1048576;4;256;8;128;49152;1;4;2;5.89282;25.056;
topk;cuda_2dinsert;1048576;4;256;8;128;49152;1;4;2;5.88795;25.0522;
topk;cuda_2dinsert;1048576;4;256;8;128;49152;1;4;2;5.85989;25.0536;
topk;cuda_2dinsert;1048576;4;256;8;128;49152;1;4;2;5.82623;25.0517;
topk;cuda_2dinsert;1048576;4;256;8;128;49152;1;4;2;5.82127;25.0516;
topk;cuda_2dinsert;1048576;4;256;8;128;49152;1;4;2;5.802;25.0524;
topk;cuda_2dinsert;1048576;4;256;8;128;49152;1;4;2;5.7642;25.0518;
topk;cuda_2dinsert;1048576;4;256;8;128;49152;1;4;2;5.78725;25.0522;
topk;cuda_2dinsert;1048576;4;256;8;128;49152;1;4;2;5.76597;25.0515;
topk;cuda_2dinsert;1048576;4;256;8;128;49152;1;4;3;116.135;25.4237;
topk;cuda_2dinsert;1048576;4;256;8;128;49152;1;4;3;5.88984;25.3975;
topk;cuda_2dinsert;1048576;4;256;8;128;49152;1;4;3;5.89541;25.3944;
topk;cuda_2dinsert;1048576;4;256;8;128;49152;1;4;3;5.84748;25.3927;
topk;cuda_2dinsert;1048576;4;256;8;128;49152;1;4;3;5.82417;25.3932;
topk;cuda_2dinsert;1048576;4;256;8;128;49152;1;4;3;5.8193;25.3957;
topk;cuda_2dinsert;1048576;4;256;8;128;49152;1;4;3;5.78753;25.3942;
topk;cuda_2dinsert;1048576;4;256;8;128;49152;1;4;3;5.78419;25.3948;
topk;cuda_2dinsert;1048576;4;256;8;128;49152;1;4;3;5.7947;25.3951;
topk;cuda_2dinsert;1048576;4;256;8;128;49152;1;4;3;5.79263;25.3953;
topk;cuda_2dinsert;1048576;4;256;8;128;49152;1;4;4;116.71;29.6954;
topk;cuda_2dinsert;1048576;4;256;8;128;49152;1;4;4;6.04742;29.6692;
topk;cuda_2dinsert;1048576;4;256;8;128;49152;1;4;4;5.88761;29.6679;
topk;cuda_2dinsert;1048576;4;256;8;128;49152;1;4;4;5.87172;29.6699;
topk;cuda_2dinsert;1048576;4;256;8;128;49152;1;4;4;5.82751;29.6683;
topk;cuda_2dinsert;1048576;4;256;8;128;49152;1;4;4;5.81631;29.6679;
topk;cuda_2dinsert;1048576;4;256;8;128;49152;1;4;4;5.80568;29.6673;
topk;cuda_2dinsert;1048576;4;256;8;128;49152;1;4;4;5.78008;29.6683;
topk;cuda_2dinsert;1048576;4;256;8;128;49152;1;4;4;5.79172;29.6691;
topk;cuda_2dinsert;1048576;4;256;8;128;49152;1;4;4;5.77443;29.6711;
topk;cuda_2dinsert;1048576;4;256;8;128;49152;1;8;1;115.705;15.9833;
topk;cuda_2dinsert;1048576;4;256;8;128;49152;1;8;1;5.90255;15.9665;
topk;cuda_2dinsert;1048576;4;256;8;128;49152;1;8;1;5.89895;15.963;
topk;cuda_2dinsert;1048576;4;256;8;128;49152;1;8;1;5.83451;15.9776;
topk;cuda_2dinsert;1048576;4;256;8;128;49152;1;8;1;5.83221;15.9645;
topk;cuda_2dinsert;1048576;4;256;8;128;49152;1;8;1;5.8124;15.9637;
topk;cuda_2dinsert;1048576;4;256;8;128;49152;1;8;1;5.79059;15.9683;
topk;cuda_2dinsert;1048576;4;256;8;128;49152;1;8;1;5.78941;15.9618;
topk;cuda_2dinsert;1048576;4;256;8;128;49152;1;8;1;5.77759;15.959;
topk;cuda_2dinsert;1048576;4;256;8;128;49152;1;8;1;5.79223;15.9619;
topk;cuda_2dinsert;1048576;4;256;8;128;49152;1;8;2;116.161;17.1955;
topk;cuda_2dinsert;1048576;4;256;8;128;49152;1;8;2;5.91189;17.1772;
topk;cuda_2dinsert;1048576;4;256;8;128;49152;1;8;2;5.90196;17.1963;
topk;cuda_2dinsert;1048576;4;256;8;128;49152;1;8;2;5.84573;17.1792;
topk;cuda_2dinsert;1048576;4;256;8;128;49152;1;8;2;5.84018;17.1751;
topk;cuda_2dinsert;1048576;4;256;8;128;49152;1;8;2;5.80043;17.1757;
topk;cuda_2dinsert;1048576;4;256;8;128;49152;1;8;2;5.80537;17.1781;
topk;cuda_2dinsert;1048576;4;256;8;128;49152;1;8;2;5.78815;17.1768;
topk;cuda_2dinsert;1048576;4;256;8;128;49152;1;8;2;5.79335;17.1771;
topk;cuda_2dinsert;1048576;4;256;8;128;49152;1;8;2;5.75747;17.1796;
topk;cuda_2dinsert;1048576;4;256;8;128;49152;1;8;3;116.168;16.2434;
topk;cuda_2dinsert;1048576;4;256;8;128;49152;1;8;3;5.88398;16.2285;
topk;cuda_2dinsert;1048576;4;256;8;128;49152;1;8;3;5.90181;16.2263;
topk;cuda_2dinsert;1048576;4;256;8;128;49152;1;8;3;5.8153;16.2228;
topk;cuda_2dinsert;1048576;4;256;8;128;49152;1;8;3;5.81267;16.2325;
topk;cuda_2dinsert;1048576;4;256;8;128;49152;1;8;3;5.81173;16.2211;
topk;cuda_2dinsert;1048576;4;256;8;128;49152;1;8;3;5.80013;16.2216;
topk;cuda_2dinsert;1048576;4;256;8;128;49152;1;8;3;5.79225;16.2235;
topk;cuda_2dinsert;1048576;4;256;8;128;49152;1;8;3;5.78212;16.2265;
topk;cuda_2dinsert;1048576;4;256;8;128;49152;1;8;3;5.78425;16.2247;
topk;cuda_2dinsert;1048576;4;256;8;128;49152;1;8;4;116.67;19.1117;
topk;cuda_2dinsert;1048576;4;256;8;128;49152;1;8;4;5.89416;19.0935;
topk;cuda_2dinsert;1048576;4;256;8;128;49152;1;8;4;5.90441;19.0917;
topk;cuda_2dinsert;1048576;4;256;8;128;49152;1;8;4;5.85086;19.0881;
topk;cuda_2dinsert;1048576;4;256;8;128;49152;1;8;4;5.82605;19.0899;
topk;cuda_2dinsert;1048576;4;256;8;128;49152;1;8;4;5.79759;19.0875;
topk;cuda_2dinsert;1048576;4;256;8;128;49152;1;8;4;5.8113;19.0889;
topk;cuda_2dinsert;1048576;4;256;8;128;49152;1;8;4;5.79019;19.0856;
topk;cuda_2dinsert;1048576;4;256;8;128;49152;1;8;4;5.78247;19.0852;
topk;cuda_2dinsert;1048576;4;256;8;128;49152;1;8;4;5.79205;19.0862;
topk;cuda_2dinsert;1048576;4;256;8;128;49152;1;16;1;116.929;13.3651;
topk;cuda_2dinsert;1048576;4;256;8;128;49152;1;16;1;5.888;13.3435;
topk;cuda_2dinsert;1048576;4;256;8;128;49152;1;16;1;5.9056;13.3384;
topk;cuda_2dinsert;1048576;4;256;8;128;49152;1;16;1;5.86175;13.3366;
topk;cuda_2dinsert;1048576;4;256;8;128;49152;1;16;1;5.83378;13.3397;
topk;cuda_2dinsert;1048576;4;256;8;128;49152;1;16;1;5.80572;13.3417;
topk;cuda_2dinsert;1048576;4;256;8;128;49152;1;16;1;5.80597;13.3351;
topk;cuda_2dinsert;1048576;4;256;8;128;49152;1;16;1;5.8096;13.3387;
topk;cuda_2dinsert;1048576;4;256;8;128;49152;1;16;1;5.78369;13.3385;
topk;cuda_2dinsert;1048576;4;256;8;128;49152;1;16;1;5.79107;13.3426;
topk;cuda_2dinsert;1048576;4;256;8;128;49152;1;16;2;115.861;13.733;
topk;cuda_2dinsert;1048576;4;256;8;128;49152;1;16;2;5.88288;13.7148;
topk;cuda_2dinsert;1048576;4;256;8;128;49152;1;16;2;5.89019;13.7178;
topk;cuda_2dinsert;1048576;4;256;8;128;49152;1;16;2;5.83272;13.7109;
topk;cuda_2dinsert;1048576;4;256;8;128;49152;1;16;2;5.82251;13.7083;
topk;cuda_2dinsert;1048576;4;256;8;128;49152;1;16;2;5.79737;13.7122;
topk;cuda_2dinsert;1048576;4;256;8;128;49152;1;16;2;5.77929;13.7135;
topk;cuda_2dinsert;1048576;4;256;8;128;49152;1;16;2;5.76441;13.7123;
topk;cuda_2dinsert;1048576;4;256;8;128;49152;1;16;2;5.76004;13.711;
topk;cuda_2dinsert;1048576;4;256;8;128;49152;1;16;2;5.76136;13.7108;
topk;cuda_2dinsert;1048576;4;256;8;128;49152;1;16;3;115.744;12.7677;
topk;cuda_2dinsert;1048576;4;256;8;128;49152;1;16;3;5.88888;12.7479;
topk;cuda_2dinsert;1048576;4;256;8;128;49152;1;16;3;5.89284;12.7487;
topk;cuda_2dinsert;1048576;4;256;8;128;49152;1;16;3;5.85673;12.749;
topk;cuda_2dinsert;1048576;4;256;8;128;49152;1;16;3;5.83404;12.7467;
topk;cuda_2dinsert;1048576;4;256;8;128;49152;1;16;3;5.8081;12.7422;
topk;cuda_2dinsert;1048576;4;256;8;128;49152;1;16;3;5.79984;12.7434;
topk;cuda_2dinsert;1048576;4;256;8;128;49152;1;16;3;5.78623;12.7444;
topk;cuda_2dinsert;1048576;4;256;8;128;49152;1;16;3;5.77444;12.7504;
topk;cuda_2dinsert;1048576;4;256;8;128;49152;1;16;3;5.7705;12.7423;
topk;cuda_2dinsert;1048576;4;256;8;128;49152;1;16;4;115.943;15.742;
topk;cuda_2dinsert;1048576;4;256;8;128;49152;1;16;4;5.90421;15.7241;
topk;cuda_2dinsert;1048576;4;256;8;128;49152;1;16;4;5.90993;15.7173;
topk;cuda_2dinsert;1048576;4;256;8;128;49152;1;16;4;5.86407;15.7178;
topk;cuda_2dinsert;1048576;4;256;8;128;49152;1;16;4;5.83723;15.7169;
topk;cuda_2dinsert;1048576;4;256;8;128;49152;1;16;4;5.81449;15.7155;
topk;cuda_2dinsert;1048576;4;256;8;128;49152;1;16;4;5.79218;15.7181;
topk;cuda_2dinsert;1048576;4;256;8;128;49152;1;16;4;5.80731;15.7131;
topk;cuda_2dinsert;1048576;4;256;8;128;49152;1;16;4;5.79437;15.7168;
topk;cuda_2dinsert;1048576;4;256;8;128;49152;1;16;4;5.79347;15.7224;
topk;cuda_2dinsert;1048576;4;256;8;128;49152;1;32;1;116.595;12.4837;
topk;cuda_2dinsert;1048576;4;256;8;128;49152;1;32;1;5.88635;12.4593;
topk;cuda_2dinsert;1048576;4;256;8;128;49152;1;32;1;5.8931;12.4605;
topk;cuda_2dinsert;1048576;4;256;8;128;49152;1;32;1;5.85536;12.4533;
topk;cuda_2dinsert;1048576;4;256;8;128;49152;1;32;1;5.83577;12.4591;
topk;cuda_2dinsert;1048576;4;256;8;128;49152;1;32;1;5.81708;12.461;
topk;cuda_2dinsert;1048576;4;256;8;128;49152;1;32;1;5.79619;12.4521;
topk;cuda_2dinsert;1048576;4;256;8;128;49152;1;32;1;5.78426;12.4543;
topk;cuda_2dinsert;1048576;4;256;8;128;49152;1;32;1;5.80664;12.4565;
topk;cuda_2dinsert;1048576;4;256;8;128;49152;1;32;1;5.79446;12.4505;
topk;cuda_2dinsert;1048576;4;256;8;128;49152;1;32;2;116.413;12.1244;
topk;cuda_2dinsert;1048576;4;256;8;128;49152;1;32;2;5.90181;12.1114;
topk;cuda_2dinsert;1048576;4;256;8;128;49152;1;32;2;5.89215;12.1163;
topk;cuda_2dinsert;1048576;4;256;8;128;49152;1;32;2;5.85182;12.1209;
topk;cuda_2dinsert;1048576;4;256;8;128;49152;1;32;2;5.82455;12.1087;
topk;cuda_2dinsert;1048576;4;256;8;128;49152;1;32;2;5.80468;12.1096;
topk;cuda_2dinsert;1048576;4;256;8;128;49152;1;32;2;5.81535;12.1045;
topk;cuda_2dinsert;1048576;4;256;8;128;49152;1;32;2;5.79917;12.1133;
topk;cuda_2dinsert;1048576;4;256;8;128;49152;1;32;2;5.77819;12.1175;
topk;cuda_2dinsert;1048576;4;256;8;128;49152;1;32;2;5.79654;12.1123;
topk;cuda_2dinsert;1048576;4;256;8;128;49152;1;32;3;115.491;11.8301;
topk;cuda_2dinsert;1048576;4;256;8;128;49152;1;32;3;5.89998;11.8145;
topk;cuda_2dinsert;1048576;4;256;8;128;49152;1;32;3;5.90834;11.8092;
topk;cuda_2dinsert;1048576;4;256;8;128;49152;1;32;3;5.86444;11.8148;
topk;cuda_2dinsert;1048576;4;256;8;128;49152;1;32;3;5.83343;11.8181;
topk;cuda_2dinsert;1048576;4;256;8;128;49152;1;32;3;5.80735;11.8058;
topk;cuda_2dinsert;1048576;4;256;8;128;49152;1;32;3;5.80857;11.8047;
topk;cuda_2dinsert;1048576;4;256;8;128;49152;1;32;3;5.79104;11.8167;
topk;cuda_2dinsert;1048576;4;256;8;128;49152;1;32;3;5.80218;11.8099;
topk;cuda_2dinsert;1048576;4;256;8;128;49152;1;32;3;5.7879;11.8074;
topk;cuda_2dinsert;1048576;4;256;8;128;49152;1;32;4;115.816;13.0321;
topk;cuda_2dinsert;1048576;4;256;8;128;49152;1;32;4;5.90352;13.0231;
topk;cuda_2dinsert;1048576;4;256;8;128;49152;1;32;4;5.8808;13.0026;
topk;cuda_2dinsert;1048576;4;256;8;128;49152;1;32;4;5.85966;13.0073;
topk;cuda_2dinsert;1048576;4;256;8;128;49152;1;32;4;5.82235;12.9987;
topk;cuda_2dinsert;1048576;4;256;8;128;49152;1;32;4;5.81211;13.009;
topk;cuda_2dinsert;1048576;4;256;8;128;49152;1;32;4;5.80656;13.0095;
topk;cuda_2dinsert;1048576;4;256;8;128;49152;1;32;4;5.80507;13.0091;
topk;cuda_2dinsert;1048576;4;256;8;128;49152;1;32;4;5.78506;13.0105;
topk;cuda_2dinsert;1048576;4;256;8;128;49152;1;32;4;5.79917;12.9993;
topk;cuda_2dinsert;1048576;4;256;8;256;49152;1;8;1;115.407;23.8339;
topk;cuda_2dinsert;1048576;4;256;8;256;49152;1;8;1;5.90807;23.8101;
topk;cuda_2dinsert;1048576;4;256;8;256;49152;1;8;1;5.89933;23.8093;
topk;cuda_2dinsert;1048576;4;256;8;256;49152;1;8;1;5.86422;23.811;
topk;cuda_2dinsert;1048576;4;256;8;256;49152;1;8;1;5.83699;23.8107;
topk;cuda_2dinsert;1048576;4;256;8;256;49152;1;8;1;5.80024;23.8077;
topk;cuda_2dinsert;1048576;4;256;8;256;49152;1;8;1;5.78413;23.8136;
topk;cuda_2dinsert;1048576;4;256;8;256;49152;1;8;1;5.78244;23.8114;
topk;cuda_2dinsert;1048576;4;256;8;256;49152;1;8;1;5.79587;23.8104;
topk;cuda_2dinsert;1048576;4;256;8;256;49152;1;8;1;5.79297;23.8101;
topk;cuda_2dinsert;1048576;4;256;8;256;49152;1;8;2;117.269;24.4437;
topk;cuda_2dinsert;1048576;4;256;8;256;49152;1;8;2;5.89628;24.4226;
topk;cuda_2dinsert;1048576;4;256;8;256;49152;1;8;2;5.90735;24.4198;
topk;cuda_2dinsert;1048576;4;256;8;256;49152;1;8;2;5.86005;24.4192;
topk;cuda_2dinsert;1048576;4;256;8;256;49152;1;8;2;5.83498;24.4161;
topk;cuda_2dinsert;1048576;4;256;8;256;49152;1;8;2;5.82022;24.4203;
topk;cuda_2dinsert;1048576;4;256;8;256;49152;1;8;2;5.79781;24.4197;
topk;cuda_2dinsert;1048576;4;256;8;256;49152;1;8;2;5.78488;24.419;
topk;cuda_2dinsert;1048576;4;256;8;256;49152;1;8;2;5.78135;24.4189;
topk;cuda_2dinsert;1048576;4;256;8;256;49152;1;8;2;5.7714;24.4212;
topk;cuda_2dinsert;1048576;4;256;8;256;49152;1;8;3;116.25;24.349;
topk;cuda_2dinsert;1048576;4;256;8;256;49152;1;8;3;5.88769;24.3249;
topk;cuda_2dinsert;1048576;4;256;8;256;49152;1;8;3;5.90697;24.3255;
topk;cuda_2dinsert;1048576;4;256;8;256;49152;1;8;3;5.84738;24.3246;
topk;cuda_2dinsert;1048576;4;256;8;256;49152;1;8;3;5.81976;24.321;
topk;cuda_2dinsert;1048576;4;256;8;256;49152;1;8;3;5.80873;24.3215;
topk;cuda_2dinsert;1048576;4;256;8;256;49152;1;8;3;5.8018;24.3221;
topk;cuda_2dinsert;1048576;4;256;8;256;49152;1;8;3;5.78757;24.3223;
topk;cuda_2dinsert;1048576;4;256;8;256;49152;1;8;3;5.77856;24.3233;
topk;cuda_2dinsert;1048576;4;256;8;256;49152;1;8;3;5.775;24.3226;
topk;cuda_2dinsert;1048576;4;256;8;256;49152;1;8;4;118.326;27.2674;
topk;cuda_2dinsert;1048576;4;256;8;256;49152;1;8;4;5.89132;27.2515;
topk;cuda_2dinsert;1048576;4;256;8;256;49152;1;8;4;5.91236;27.2446;
topk;cuda_2dinsert;1048576;4;256;8;256;49152;1;8;4;5.85852;27.2433;
topk;cuda_2dinsert;1048576;4;256;8;256;49152;1;8;4;5.8337;27.246;
topk;cuda_2dinsert;1048576;4;256;8;256;49152;1;8;4;5.79829;27.2444;
topk;cuda_2dinsert;1048576;4;256;8;256;49152;1;8;4;5.80599;27.2451;
topk;cuda_2dinsert;1048576;4;256;8;256;49152;1;8;4;5.81039;27.2436;
topk;cuda_2dinsert;1048576;4;256;8;256;49152;1;8;4;5.76;27.2447;
topk;cuda_2dinsert;1048576;4;256;8;256;49152;1;8;4;5.75775;27.2625;
topk;cuda_2dinsert;1048576;4;256;8;256;49152;1;16;1;116.612;16.9782;
topk;cuda_2dinsert;1048576;4;256;8;256;49152;1;16;1;5.90683;16.9526;
topk;cuda_2dinsert;1048576;4;256;8;256;49152;1;16;1;5.89528;16.9492;
topk;cuda_2dinsert;1048576;4;256;8;256;49152;1;16;1;5.85963;16.9501;
topk;cuda_2dinsert;1048576;4;256;8;256;49152;1;16;1;5.85021;16.9497;
topk;cuda_2dinsert;1048576;4;256;8;256;49152;1;16;1;5.82652;16.9501;
topk;cuda_2dinsert;1048576;4;256;8;256;49152;1;16;1;5.79567;16.9477;
topk;cuda_2dinsert;1048576;4;256;8;256;49152;1;16;1;5.80691;16.9496;
topk;cuda_2dinsert;1048576;4;256;8;256;49152;1;16;1;5.78798;16.9462;
topk;cuda_2dinsert;1048576;4;256;8;256;49152;1;16;1;5.78541;16.9445;
topk;cuda_2dinsert;1048576;4;256;8;256;49152;1;16;2;114.77;16.7276;
topk;cuda_2dinsert;1048576;4;256;8;256;49152;1;16;2;5.90094;16.7123;
topk;cuda_2dinsert;1048576;4;256;8;256;49152;1;16;2;5.9008;16.7111;
topk;cuda_2dinsert;1048576;4;256;8;256;49152;1;16;2;5.85694;16.7068;
topk;cuda_2dinsert;1048576;4;256;8;256;49152;1;16;2;5.82432;16.7117;
topk;cuda_2dinsert;1048576;4;256;8;256;49152;1;16;2;5.80977;16.708;
topk;cuda_2dinsert;1048576;4;256;8;256;49152;1;16;2;5.78724;16.7075;
topk;cuda_2dinsert;1048576;4;256;8;256;49152;1;16;2;5.78309;16.7086;
topk;cuda_2dinsert;1048576;4;256;8;256;49152;1;16;2;5.77183;16.7057;
topk;cuda_2dinsert;1048576;4;256;8;256;49152;1;16;2;5.78677;16.7059;
topk;cuda_2dinsert;1048576;4;256;8;256;49152;1;16;3;116.383;16.2202;
topk;cuda_2dinsert;1048576;4;256;8;256;49152;1;16;3;5.91076;16.1978;
topk;cuda_2dinsert;1048576;4;256;8;256;49152;1;16;3;5.90575;16.1977;
topk;cuda_2dinsert;1048576;4;256;8;256;49152;1;16;3;5.84928;16.1978;
topk;cuda_2dinsert;1048576;4;256;8;256;49152;1;16;3;5.83916;16.1967;
topk;cuda_2dinsert;1048576;4;256;8;256;49152;1;16;3;5.8145;16.1994;
topk;cuda_2dinsert;1048576;4;256;8;256;49152;1;16;3;5.81434;16.1966;
topk;cuda_2dinsert;1048576;4;256;8;256;49152;1;16;3;5.80269;16.1953;
topk;cuda_2dinsert;1048576;4;256;8;256;49152;1;16;3;5.78449;16.1963;
topk;cuda_2dinsert;1048576;4;256;8;256;49152;1;16;3;5.78657;16.1972;
topk;cuda_2dinsert;1048576;4;256;8;256;49152;1;16;4;115.736;17.9702;
topk;cuda_2dinsert;1048576;4;256;8;256;49152;1;16;4;5.8962;17.9475;
topk;cuda_2dinsert;1048576;4;256;8;256;49152;1;16;4;5.90785;17.9466;
topk;cuda_2dinsert;1048576;4;256;8;256;49152;1;16;4;5.85655;17.9502;
topk;cuda_2dinsert;1048576;4;256;8;256;49152;1;16;4;5.849;17.9531;
topk;cuda_2dinsert;1048576;4;256;8;256;49152;1;16;4;5.83325;17.9443;
topk;cuda_2dinsert;1048576;4;256;8;256;49152;1;16;4;5.79946;17.9482;
topk;cuda_2dinsert;1048576;4;256;8;256;49152;1;16;4;5.81388;17.9473;
topk;cuda_2dinsert;1048576;4;256;8;256;49152;1;16;4;5.80801;17.9479;
topk;cuda_2dinsert;1048576;4;256;8;256;49152;1;16;4;5.78949;17.9516;
topk;cuda_2dinsert;1048576;4;256;8;256;49152;1;32;1;116.866;14.2622;
topk;cuda_2dinsert;1048576;4;256;8;256;49152;1;32;1;5.90741;14.1618;
topk;cuda_2dinsert;1048576;4;256;8;256;49152;1;32;1;5.9019;14.1952;
topk;cuda_2dinsert;1048576;4;256;8;256;49152;1;32;1;5.86317;14.1893;
topk;cuda_2dinsert;1048576;4;256;8;256;49152;1;32;1;5.84338;14.1876;
topk;cuda_2dinsert;1048576;4;256;8;256;49152;1;32;1;5.81074;14.2017;
topk;cuda_2dinsert;1048576;4;256;8;256;49152;1;32;1;5.81933;14.2359;
topk;cuda_2dinsert;1048576;4;256;8;256;49152;1;32;1;5.7976;14.2354;
topk;cuda_2dinsert;1048576;4;256;8;256;49152;1;32;1;5.79672;14.2695;
topk;cuda_2dinsert;1048576;4;256;8;256;49152;1;32;1;5.79655;14.1646;
topk;cuda_2dinsert;1048576;4;256;8;256;49152;1;32;2;116.567;13.8441;
topk;cuda_2dinsert;1048576;4;256;8;256;49152;1;32;2;5.87383;13.8346;
topk;cuda_2dinsert;1048576;4;256;8;256;49152;1;32;2;5.88202;13.8268;
topk;cuda_2dinsert;1048576;4;256;8;256;49152;1;32;2;5.8422;13.8259;
topk;cuda_2dinsert;1048576;4;256;8;256;49152;1;32;2;5.83503;13.8348;
topk;cuda_2dinsert;1048576;4;256;8;256;49152;1;32;2;5.82811;13.8243;
topk;cuda_2dinsert;1048576;4;256;8;256;49152;1;32;2;5.80529;13.8249;
topk;cuda_2dinsert;1048576;4;256;8;256;49152;1;32;2;5.79841;13.8329;
topk;cuda_2dinsert;1048576;4;256;8;256;49152;1;32;2;5.80049;13.8242;
topk;cuda_2dinsert;1048576;4;256;8;256;49152;1;32;2;5.78149;13.8217;
topk;cuda_2dinsert;1048576;4;256;8;256;49152;1;32;3;116.685;12.894;
topk;cuda_2dinsert;1048576;4;256;8;256;49152;1;32;3;5.90605;12.8687;
topk;cuda_2dinsert;1048576;4;256;8;256;49152;1;32;3;5.91807;12.8619;
topk;cuda_2dinsert;1048576;4;256;8;256;49152;1;32;3;5.85985;12.8614;
topk;cuda_2dinsert;1048576;4;256;8;256;49152;1;32;3;5.83998;12.8643;
topk;cuda_2dinsert;1048576;4;256;8;256;49152;1;32;3;5.92127;12.8616;
topk;cuda_2dinsert;1048576;4;256;8;256;49152;1;32;3;5.79614;12.8634;
topk;cuda_2dinsert;1048576;4;256;8;256;49152;1;32;3;5.78574;12.8665;
topk;cuda_2dinsert;1048576;4;256;8;256;49152;1;32;3;5.78369;12.8656;
topk;cuda_2dinsert;1048576;4;256;8;256;49152;1;32;3;5.78635;12.8542;
topk;cuda_2dinsert;1048576;4;256;8;256;49152;1;32;4;116.231;15.3695;
topk;cuda_2dinsert;1048576;4;256;8;256;49152;1;32;4;5.8849;15.3442;
topk;cuda_2dinsert;1048576;4;256;8;256;49152;1;32;4;5.90251;15.3489;
topk;cuda_2dinsert;1048576;4;256;8;256;49152;1;32;4;5.86679;15.3477;
topk;cuda_2dinsert;1048576;4;256;8;256;49152;1;32;4;5.83107;15.3552;
topk;cuda_2dinsert;1048576;4;256;8;256;49152;1;32;4;5.82708;15.3568;
topk;cuda_2dinsert;1048576;4;256;8;256;49152;1;32;4;5.8224;15.3384;
topk;cuda_2dinsert;1048576;4;256;8;256;49152;1;32;4;5.81706;15.3451;
topk;cuda_2dinsert;1048576;4;256;8;256;49152;1;32;4;5.78438;15.3383;
topk;cuda_2dinsert;1048576;4;256;8;256;49152;1;32;4;5.79036;15.3532;
